Subject,URL,Status HTTP,Título,Tipo de Conteúdo,Relevância Atual,Seções e Conteúdo,Chamadas para Ação,Links Internos,Links Externos,Downloads,Ativos de Mídia,Ação de Migração,Destino Canônico,Observações,Error
https://www.prexion.com/,https://www.prexion.com/,200,Home - PreXion,institutional,high,"### Dental Imaging Technology Moving You Forward\nCom a aquisição da PreXion pela Alliage em 2025, a marca passou a fazer parte de um dos maiores grupos globais em tecnologia de saúde odontológica. A fabricação ocorre no Brasil, unindo tecnologia brasileira e excelência industrial. A empresa foi fundada no Japão em 2007 (spin-off da TeraRecon) com foco em P&D de tecnologias avançadas para imagens médicas e odontológicas, desenvolvendo sistemas de Tomografia Computadorizada de Feixe Cônico (CBCT).\n\n### What Sets Us Apart?\n- **Top-Quality 3D Imaging:** Oferece imagens 3D claras e precisas com baixos níveis de radiação e preço acessível.\n- **Unmatched Commitment to Education:** Cursos práticos exclusivos ministrados por líderes de opinião e médicos especialistas, além de vídeos educativos online.\n- **Excellent Service:** Missão de responder a chamadas de suporte com paixão e oferecer excelente atendimento ao cliente.\n\n### DOWNLOAD OUR LATEST DATA-DRIVEN EBOOK\nGuia completo baseado em dados sobre como colegas obtêm ROI com a tecnologia de imagem de varredura 3D CBCT.\n\n### Our Partners\nLista de parceiros da indústria, incluindo Dental EMR, ADA, AIDA Group, Midwest Implant Institute, Catapult Education, Smile Source, Sleep Group Solutions, 3D Diagnostix, Radiodontics e CBCT Readers.\n\n### What is the Industry Saying?\nDepoimento do Dr. Richard Newhart, Periodontista, elogiando a escolha da unidade CBCT da PreXion pelas especificações, baixa radiação, imagens de ponta e treinamento fornecido.\n\n### Experience True Clarity & Precision\nChamada para agendar uma demonstração.\n\n### Footer / Contact Us\nInformações de contato (telefones e endereço) e links para explorar produtos e serviços (Evolve 3D Scanner, Excelsior ENDO Scanner, ROI Calculator, Remote Support, Product Specialists, Políticas).","- [Learn More About Us](https://www.prexion.com/why-prexion/)\n- [VIEW ALL EDUCATION & SUPPORT](https://www.prexion.com/education-and-support/)\n- [DOWNLOAD NOW](https://www.prexion.com/download-how-your-peers-earn-roi-from-3d-cbct-scan-imaging-technology/)\n- [REQUEST A DEMO](https://www.prexion.com/request-a-demo/)\n- Contact Us: 855-PREXION\n- Client Support: (650) 212-0314\n- Address: 2077 Gateway Place, Suite 120, San Jose, CA 95110",- https://www.prexion.com/author/3vdab/\n- https://www.prexion.com/why-prexion/\n- https://www.prexion.com/education-and-support/\n- https://www.prexion.com/prexion-excelsior-max-lfov/\n- https://www.prexion.com/download-how-your-peers-earn-roi-from-3d-cbct-scan-imaging-technology/\n- https://www.prexion.com/request-a-demo/\n- https://www.prexion.com/prexion-3d-evolve/\n- https://www.prexion.com/prexion-excelsior-endo/\n- https://www.prexion.com/roi-calculator/\n- https://www.prexion.com/remote-support/\n- https://www.prexion.com/product-specialists/\n- https://www.prexion.com/privacy-policy/\n- https://www.prexion.com/accessibility-statement/,- https://dentalemr.com/\n- https://www.ada.org/\n- https://aidagroup.org/education/\n- https://midwestimplantinstitute.com/\n- https://www.catapulteducation.com/\n- https://www.smilesource.com/\n- https://join.sleepgroupsolutions.com/\n- https://www.3ddx.com/\n- https://www.radiodontics.com/\n- https://cbctreaders.com/\n- https://www.linkedin.com/company/prexion-cbct/\n- https://www.facebook.com/PreXionUSA/\n- https://www.instagram.com/prexionusa/\n- https://www.youtube.com/prexioncbct,Nenhum,Nenhum,create,/,"A página apresenta conteúdo duplicado no HTML extraído (blocos \""Dental Imaging Technology Moving You Forward\"" e \""What Sets Us Apart?\""). Trata-se da homepage institucional principal da PreXion, contendo informações sobre a história da empresa, aquisição pela Alliage, diferenciais, depoimentos e links para produtos e suporte. Não há arquivos para download direto, apenas um link para uma landing page de e-book.",
https://www.prexion.com/aae-annual-meteting-2026-salt-lake-city-ut/,https://www.prexion.com/aae-annual-meteting-2026-salt-lake-city-ut/,200,AAE Annual Meteting 2026 – Salt Lake City – UT,article,low,"# AAE Annual Meteting 2026 – Salt Lake City – UT\nArtigo publicado em 23 de abril de 2026 relatando a participação da PreXion no AAE Annual Meeting 2026 (16 e 17 de abril, Salt Lake City). O evento reuniu profissionais de endodontia. A PreXion foi representada pelo distribuidor Luman Dental, destacando os produtos PreXion Excelsior Endo Scanner e PreXion Evolve 3D (SFOV).\n\n## Stay on the Cutting Edge of Dentistry\nChamada para assinatura de newsletter ou atualizações (Subscribe today).\n\n## Footer\nInformações de contato, telefones, endereço (San Jose, CA) e links de navegação para produtos e políticas.","- Subscribe today\n- Contact Us: tel:855PREXION\n- Client Support: tel:6502120314\n- Share This Story (Facebook, LinkedIn, Email)",- https://www.prexion.com/\n- https://www.prexion.com/prexion-3d-evolve/\n- https://www.prexion.com/prexion-excelsior-endo/\n- https://www.prexion.com/roi-calculator/\n- https://www.prexion.com/remote-support/\n- https://www.prexion.com/product-specialists/\n- https://www.prexion.com/privacy-policy/\n- https://www.prexion.com/accessibility-statement/,- https://www.facebook.com/sharer.php?u=https%3A%2F%2Fwww.prexion.com%2Faae-annual-meteting-2026-salt-lake-city-ut%2F\n- https://www.linkedin.com/shareArticle?mini=true&url=https%3A%2F%2Fwww.prexion.com%2Faae-annual-meteting-2026-salt-lake-city-ut%2F\n- mailto:?subject=AAE%20Annual%20Meteting%202026%20%26%238211%3B%20Salt%20Lake%20City%20%26%238211%3B%20UT&body=https%3A%2F%2Fwww.prexion.com%2Faae-annual-meteting-2026-salt-lake-city-ut%2F\n- https://www.linkedin.com/company/prexion-cbct/\n- https://www.facebook.com/PreXionUSA/\n- https://www.instagram.com/prexionusa/\n- https://www.youtube.com/prexioncbct,Nenhum,Nenhum,redirect,/news,"Artigo de notícia sobre evento pontual com erro de digitação no título da URL e da página (\""Meteting\""). Possui baixo valor perene. O ideal é redirecionar para uma página agregadora de notícias ou eventos. Elementos de rodapé aparentemente duplicados na extração.",
https://www.prexion.com/accessibility-statement/,https://www.prexion.com/accessibility-statement/,200,Accessibility Statement,legal,medium,"## Accessibility Statement\n\nPreXion Inc. seeks to improve the accessibility of our website content. Below are recommendations to help improve your experience on our website.\n\n### Helpful links:\n- Comprehensive Web Accessibility Initiative (WAI) tips\n- Social Security Administration tips\n- Speech recognition software\n\nShould you be deaf or hard of hearing, there are additional accessibility features available to you:\n- Closed captioning in YouTube\n- Volume controls: Your computer, tablet and mobile device all have volume control features, and the service you use to watch or listen to videos or audio clips also have volume controls. It is recommended to adjust both volume controls to optimize your experience.\n\nIf the recommendations above do not meet your needs, please contact us at (651) 212-0300 for assistance in accessing PreXion’s website content.","- Call us at [(651) 212-0300](tel:6512120300) for assistance\n- Contact Us: [855-PREXION](tel:855PREXION)\n- Client Support: [(650) 212-0314](tel:6502120314)\n- Address: 2077 Gateway Place, Suite 120, San Jose, CA 95110",- https://www.prexion.com\n- https://www.prexion.com/prexion-3d-evolve/\n- https://www.prexion.com/prexion-excelsior-endo/\n- https://www.prexion.com/roi-calculator/\n- https://www.prexion.com/remote-support/\n- https://www.prexion.com/product-specialists/\n- https://www.prexion.com/privacy-policy/\n- https://www.prexion.com/accessibility-statement/\n- https://www.prexion.com/,- https://www.w3.org/WAI/resources/\n- https://www.ssa.gov/accessibility/\n- http://www.nuance.com/dragon/index.htm\n- https://support.google.com/youtube/answer/100078?hl=en\n- https://www.linkedin.com/company/prexion-cbct/\n- https://www.facebook.com/PreXionUSA/\n- https://www.instagram.com/prexionusa/\n- https://www.youtube.com/prexioncbct,Nenhum,Nenhum,create,/accessibility-statement/,"Página legal padrão de declaração de acessibilidade. Conteúdo duplicado no rodapé (links de exploração e contato repetidos). Não possui imagens no conteúdo principal, apenas texto e links externos úteis para acessibilidade. Pode ser migrada criando uma página própria.",
https://www.prexion.com/aeedc-dubai-event/,https://www.prexion.com/aeedc-dubai-event/,200,AEEDC Dubai 2026,event,medium,"# AEEDC Dubai 2026\n\nThe article announces PreXion's participation in the AEEDC Dubai 2026 event held from January 19th to 21st. The event was an opportunity to present innovations and the complete portfolio of solutions in diagnostic imaging and dental equipment, including the launch of the Prexion brand for these markets.\n\n## Share This Story, Choose Your Platform!\n\nLinks to share the story on Facebook, LinkedIn, and Email.\n\n## Stay on the Cutting Edge of Dentistry.\n\n### Subscribe today.\n\nCall to action to subscribe for updates.\n\n## Contact Information and Footer\n\nContains contact numbers (855-PREXION, (650) 212-0314), address (2077 Gateway Place, Suite 120, San Jose, CA 95110), social media links, and internal navigation links (Evolve 3D Scanner, Excelsior ENDO Scanner, ROI Calculator, Remote Support, Product Specialists, Privacy Policy, Accessibility Statement). Note: The footer information appears duplicated in the extracted text.","- Subscribe today\n- Contact Us: [855-PREXION](tel:855PREXION)\n- Client Support: [(650) 212-0314](tel:6502120314)\n- Address: 2077 Gateway Place, Suite 120, San Jose, CA 95110",- https://www.prexion.com/\n- https://www.prexion.com/prexion-3d-evolve/\n- https://www.prexion.com/prexion-excelsior-endo/\n- https://www.prexion.com/roi-calculator/\n- https://www.prexion.com/remote-support/\n- https://www.prexion.com/product-specialists/\n- https://www.prexion.com/privacy-policy/\n- https://www.prexion.com/accessibility-statement/,- https://www.facebook.com/sharer.php?u=https%3A%2F%2Fwww.prexion.com%2Faeedc-dubai-event%2F&t=AEEDC%20Dubai%202026\n- https://www.linkedin.com/shareArticle?mini=true&url=https%3A%2F%2Fwww.prexion.com%2Faeedc-dubai-event%2F&title=AEEDC%20Dubai%202026&summary=In%20January%2C%20we%20participated%20in%20an%20important%20international%20event%20in%20the%20healthcare%20sector%2C%20reinforcing%20our%20global%20presence%20and%20our%20commitment%20to%20expansion%20in%20strategic%20markets.%20This%20meeting%20was%20held%20at%20the%20AEEDC%20DUBAI%202026%20from%20January%2019th%20to%2021st%2C%20and%20provided%20significant%20opportunities%20for%20networking%20with%20partners%20and%20distributors.During%20the%20trade%20show%2C%20we%20presented%20our\n- mailto:?subject=AEEDC%20Dubai%202026&body=https%3A%2F%2Fwww.prexion.com%2Faeedc-dubai-event%2F\n- https://www.linkedin.com/company/prexion-cbct/\n- https://www.facebook.com/PreXionUSA/\n- https://www.instagram.com/prexionusa/\n- https://www.youtube.com/prexioncbct,Nenhum,Nenhum,consolidate,/news/aeedc-dubai-2026,Página de evento noticiando a participação da PreXion na AEEDC Dubai 2026. O conteúdo é curto e tem caráter de notícia/press release. O rodapé está duplicado no conteúdo extraído. Recomendada a consolidação na seção de notícias ou blog.,
https://www.prexion.com/all-reps-subscribe/,https://www.prexion.com/all-reps-subscribe/,200,All Reps Subscribe Page (LP),landing-page,medium,"## Stay on the Cutting Edge of Dentistry.\nSubscribe today to gain access to our full library of data-driven eBooks and insights.\n\n### What Sets Us Apart?\n**Top-Quality 3D Imaging**\nDiagnostically, 3D imaging is a must-have in the clinical settings of today’s world. PreXion offers the clearest, most precise image in the industry at an incredible price point. The clarity of the image is unparalleled by competing solutions and the precision is unrivaled. Only PreXion offers high imaging with low radiation levels.\n\n**Unmatched Commitment to Education**\nPreXion has cultivated a tight-knit circle of key opinion leaders made up of specialty physicians that precisely understand the PreXion technology and resulting clinical outcomes ﬁrsthand. These doctors offer PreXion customers exclusive hands-on courses nationwide. Educational videos are also available online, making it easy for PreXion customers and their teams to continuously access the information they need.\n\n**Excellent Service**\nPreXion is deeply committed to listening to the customer’s voice. The PreXion mission is to always be passionate about answering support calls and delivering excellent customer care. It is PreXion’s vision to build trust across the industry by providing each customer the ideal treatment, precisely tending to each and every inquiry.\n\n### Discover what CBCT can make possible for your practice.\nFor many clinicians and practice owners, an investment in CBCT technology from PreXion can become profitable more quickly than anticipated. Use our ROI calculator tool to compare the net income from a PreXion investment to the net expenses required to finance a product.\n\n### What is the Industry Saying?\n“With the PreXion CBCT, I now have the ability to comprehensively diagnose, plan, and treat every patient with confidence and accuracy. This technology directly impacts everything from sinus lifts, implant placement, bone grafting, surgical extractions, and more. This is absolutely the most valuable diagnostic tool in my practice.” – DR. ROBERT WALINCHUS\n\n## Experience True Clarity & Precision\nSchedule a demo today.","- Subscribe today to gain access to our full library of data-driven eBooks and insights.\n- [VIEW ALL EDUCATION & SUPPORT](https://www.prexion.com/education-and-support/)\n- [CALCULATE YOUR SAVINGS](https://www.prexion.com/roi-calculator/)\n- [REQUEST A DEMO](https://www.prexion.com/request-a-demo/)\n- Contact Us: [855-PREXION](tel:855PREXION)\n- Client Support: [(650) 212-0314](tel:6502120314)\n- Address: 2077 Gateway Place, Suite 120, San Jose, CA 95110",- https://www.prexion.com/education-and-support/\n- https://www.prexion.com/roi-calculator/\n- https://www.prexion.com/request-a-demo/\n- https://www.prexion.com/prexion-3d-evolve/\n- https://www.prexion.com/prexion-excelsior-endo/\n- https://www.prexion.com/remote-support/\n- https://www.prexion.com/product-specialists/\n- https://www.prexion.com/privacy-policy/\n- https://www.prexion.com/accessibility-statement/\n- https://www.prexion.com/,- https://www.linkedin.com/company/prexion-cbct/\n- https://www.facebook.com/PreXionUSA/\n- https://www.instagram.com/prexionusa/\n- https://www.youtube.com/prexioncbct,Nenhum,Nenhum,consolidate,/subscribe/,Página de landing para assinatura de representantes com conteúdo repetitivo no rodapé e sem formulário visível no texto extraído. Pode ser consolidada em uma página genérica de assinatura ou recursos no novo site. O formulário provavelmente depende de script de terceiros não capturado na extração.,
https://www.prexion.com/applications-by-specialty/,https://www.prexion.com/applications-by-specialty/,200,Applications By Specialty,product,high,"# APPLICATIONS BY SPECIALTY\n\n## PreXion’s Versatility of Applications\nDestaca a versatilidade das aplicações dos modelos CBCT da PreXion, que oferecem qualidade de imagem superior para diversas especialidades odontológicas.\n\n### Endodontics\nA tecnologia captura imagens fatiadas que formam representações 3D claras da anatomia do paciente, superiores aos métodos 2D. Ajuda a reduzir taxas de retratamento e auxilia no diagnóstico de fraturas radiculares verticais, pontas de raízes retidas, radiolucência apical, patologia periapical, trauma dentoalveolar e reabsorção.\n\n### Implant Dentistry\nSimplifica a reorientação nos três planos de referência, permitindo alinhamento adequado de implantes. Benefícios incluem medições na proporção 1:1 sem sobreposição, avaliação da qualidade/quantidade óssea, eliminação de surpresas cirúrgicas, criação de guias cirúrgicos precisos e melhoria na aceitação de casos.\n\n### Prosthodontics\nMelhora o planejamento de tratamentos, permitindo simulação precisa e exportação de exames DICOM para softwares CAD/CAM de terceiros. Integra-se com softwares de planejamento cirúrgico e facilita casos complexos de implantes (ex: all-on-4).\n\n### Periodontics\nCria renderizações 3D móveis a partir de centenas de fatias, com menor tempo de escaneamento e menor exposição à radiação. Otimiza a capacidade diagnóstica para envolvimento de furcação, avaliação de tecidos moles, espaço do ligamento periodontal, defeitos ósseos alveolares, terapia regenerativa e enxertos ósseos.\n\n### What is the Industry Saying?\nDepoimento do Dr. Bernee Dunson destacando a qualidade de imagem, capacidade do software e suporte ao cliente da PreXion.\n\n## Experience True Clarity & Precision\nChamada final para agendamento de uma demonstração dos equipamentos.",- REQUEST A DEMO\n- Schedule a demo today.\n- Contact Us: 855-PREXION (tel:855PREXION)\n- Client Support: (650) 212-0314 (tel:6502120314),- https://www.prexion.com/request-a-demo/\n- https://www.prexion.com/prexion-3d-evolve/\n- https://www.prexion.com/prexion-excelsior-endo/\n- https://www.prexion.com/roi-calculator/\n- https://www.prexion.com/remote-support/\n- https://www.prexion.com/product-specialists/\n- https://www.prexion.com/privacy-policy/\n- https://www.prexion.com/accessibility-statement/,- https://www.linkedin.com/company/prexion-cbct/\n- https://www.facebook.com/PreXionUSA/\n- https://www.instagram.com/prexionusa/\n- https://www.youtube.com/prexioncbct,Nenhum,Nenhum,create,/applications-by-specialty/,Conteúdo altamente relevante e detalhado sobre as aplicações dos equipamentos em diferentes especialidades odontológicas. O texto está bem estruturado e não apresenta sinais de obsolescência. Recomenda-se criar uma página dedicada no novo site mantendo a mesma estrutura de informações. O rodapé aparece duplicado na extração devido à estrutura do template.,
https://www.prexion.com/apply-job/,https://www.prexion.com/apply-job/,200,Apply for this Job,landing-page,medium,"# Apply for this Job Now\nFill out the form below to be contacted about this job opening.\n\n## Apply Job\nFormulário de candidatura solicitando Job Title, Name, Email, Phone, Resume (Max. file size: 512 MB) e CAPTCHA.\n\n### What is the Industry Saying?\nTestimonial de DR. RICHARD NEWHART, PERIODONTIST, elogiando as unidades CBCT da PreXion por suas especificações, baixa radiação, imagem de última geração e treinamento fornecido.","- Formulário de candidatura (Apply Job) com campos: Job Title, Name, Email, Phone, Resume, CAPTCHA\n- Contact Us: 855-PREXION\n- Client Support: (650) 212-0314",- https://www.prexion.com/author/3vdab/\n- https://www.prexion.com/prexion-3d-evolve/\n- https://www.prexion.com/prexion-excelsior-endo/\n- https://www.prexion.com/roi-calculator/\n- https://www.prexion.com/remote-support/\n- https://www.prexion.com/product-specialists/\n- https://www.prexion.com/privacy-policy/\n- https://www.prexion.com/accessibility-statement/\n- https://www.prexion.com/,- https://www.linkedin.com/company/prexion-cbct/\n- https://www.facebook.com/PreXionUSA/\n- https://www.instagram.com/prexionusa/\n- https://www.youtube.com/prexioncbct,Nenhum,Nenhum,consolidate,/careers/apply,"Página genérica de candidatura a vagas, contém um formulário básico. Recomenda-se consolidar em uma página central de carreiras ou usar um sistema ATS (Applicant Tracking System) dedicado. O rodapé parece estar duplicado no conteúdo extraído.",
https://www.prexion.com/careers-at-prexion/,https://www.prexion.com/careers-at-prexion/,200,Careers at PreXion,institutional,high,"# CAREERS AT PREXION\n\n## Why Work for PreXion?\nPreXion is experiencing market share growth in the U.S. and is looking for passionate, qualified people to join their team. Mentions a \""prexion cbct history timeline\"" (likely an image or graphic).\n\n## Open Positions\n\n### Job Description: Territory Sales Manager – (USA)\n- **Position Title:** Territory Sales Manager\n- **Department:** Sales\n- **Location:** United States (Field-Based)\n- **Employment Type:** Full-Time\n- **Reports To:** Director of Sales / VP of Sales\n\n#### Position Overview\nResponsible for driving new business, managing strategic accounts, conducting product demonstrations, and supporting clinicians. Requires travel and strong consultative selling skills in a competitive market.\n\n#### Key Responsibilities\n- **Sales & Business Development:** Exceed sales targets, develop strategies, close opportunities with dental professionals, maintain active pipeline, execute product demos.\n- **Customer Engagement & Relationship Management:** Build relationships with dental professionals, engage with KOLs and distributors, provide pre/post-sale support, attend trade shows.\n- **Product Expertise & Training:** Expert knowledge of Dental Imaging Products (hardware, software, workflows), educate customers, collaborate with teams during installation.\n- **Market Intelligence:** Monitor competitors, provide feedback to leadership, contribute to sales tools and marketing strategies.\n\n#### Required Qualifications\n- Minimum 3–5 years experience in dental equipment, imaging systems, or medical devices.\n- Proven success in dental digital imaging business.\n- Understanding of dental practice workflows.\n- Ability to close complex sales cycles.\n- Excellent communication and negotiation skills.\n- Proficiency with CRM platforms.\n- Valid driver’s license and 50–70% travel willingness.\n\n#### Key Competencies\n- Existing network across DSOs and specialist practices.\n- Experience in clinical demos/training.\n- Experience with distributors/dealers.\n- Background in radiology or 3D imaging preferred.\n- Consultative selling, technical aptitude, high ownership, strategic management, problem-solving, and customer-centric mindset.\n\n## Explore Open Positions\nEncourages users to apply today and view open positions on an external portal.","- [Learn More About Us](https://www.prexion.com/why-prexion/)\n- [APPLY NOW](https://www.prexion.com/apply-job/)\n- [VIEW OPEN POSITIONS](https://careers.jobscore.com/careers/prexioninc)\n- Contact Us: [855-PREXION](tel:855PREXION)\n- Client Support: [(650) 212-0314](tel:6502120314)\n- Address: 2077 Gateway Place, Suite 120, San Jose, CA 95110",- https://www.prexion.com/why-prexion/\n- https://www.prexion.com/apply-job/\n- https://www.prexion.com/prexion-3d-evolve/\n- https://www.prexion.com/prexion-excelsior-endo/\n- https://www.prexion.com/roi-calculator/\n- https://www.prexion.com/remote-support/\n- https://www.prexion.com/product-specialists/\n- https://www.prexion.com/privacy-policy/\n- https://www.prexion.com/accessibility-statement/,- https://careers.jobscore.com/careers/prexioninc\n- https://www.linkedin.com/company/prexion-cbct/\n- https://www.facebook.com/PreXionUSA/\n- https://www.instagram.com/prexionusa/\n- https://www.youtube.com/prexioncbct,Nenhum,- prexion cbct history timeline (N/A)\n- PreXion Logo (https://www.prexion.com/),create,/careers/,"Página de carreiras com descrição de vaga detalhada (Territory Sales Manager). Há duplicação do rodapé com links e contatos no final da página. A página lista uma vaga específica, o que pode requerer atualizações frequentes se migrada estaticamente; recomenda-se integração com plataforma de vagas ou página dinâmica no novo site. O link para \""VIEW OPEN POSITIONS\"" leva para um portal externo (jobscore.com).",
https://www.prexion.com/catapult/,https://www.prexion.com/catapult/,200,Catapult (LP),landing-page,medium,"### Preferred 3D Imaging (CBCT) Partner\nCatapult GrowTM announces a partnership with PreXion, highlighting PreXion's top-quality 3D imaging, commitment to education, and excellent service. Includes a testimonial from Dr. Lou Graham praising PreXion's advanced research.\n\n### PreXion’s Revolutionary Imaging\n#### PreXion3D Explorer\nDescribes the PreXion3D Explorer as offering precise 3D dental imaging, large image detail, low radiation, and reliable diagnostics. Provides links to software features, finding a specialist, and a product brochure.\n\n#### PreXion3D Excelsior\nDescribes the PreXion3D Excelsior CBCT Scanner as the evolution of their flagship product, designed for high diagnostic clarity. Uses include implant placement, bone quality studies, pathology, periodontics, and endodontics. Provides links to software features, finding a specialist, and a product brochure.\n\n### Related Courses\nLists related educational courses:\n- \""The Flaws in Financing\"" by Dr. Sam Shamardi (August 15, 2023, Free)\n- \""3D CBCT\"" by Multiple Speakers (Free)\n- \""Dental Sleep Medicine and General Dentistry\"" by Eugene Santucci, DDS (Free)\n\n### What Customers are Saying\nFeatures testimonials from:\n- Dr. Jeff Horowitz (versatility and precision)\n- Dr. Bernee Dunson (image quality, software, and support for implant practices)\n- Dr. Robert Walinchus (diagnostic and treatment confidence)\n\n### Rebate Exclusively for Catapult Grow Members\nDetails a special offer for Catapult Grow members: up to $3,000 Catapult Education credit or a $2,250 cash rebate on PreXion unit purchases, with tiered rebate amounts based on purchase value.\n\n### CBCT Interpretation Report Offer Exclusively for Catapult Grow Members\nDetails an offer for 3 free case interpretations by Radiodontics (valid for 60 days) and an option to purchase 7 additional interpretations at a discounted bundle price of $250 (valid for 180 days).\n\n### Increase Clarity and Precision in Your Practice!\nEncourages connecting with a representative for a demonstration of the 3D Viewer Software, understanding customer care, and insights into PreXion's technology and pricing. Includes a link to an ROI calculator and a testimonial from Dr. Sam Halabo praising the user-friendliness and image quality of the PreXion CBCT.","- \""Find a PreXion3D Explorer Product Specialist Near You\"" (https://www.prexion.com/product-specialists/)\n- \""Download the Explorer PRO Product Brochure\"" (https://www.prexion.com/wp-content/uploads/2023/09/PreXion-ExplorerPRO-ProductBrochure-2023.pdf)\n- \""Find a PreXion3D Excelsior Product Specialist Near You\"" (https://www.prexion.com/product-specialists/)\n- \""Download the Excelsior Product Brochure\"" (https://www.prexion.com/wp-content/uploads/2023/09/PreXion-Excelsior-ProductBrochure-2023.pdf)\n- \""ENROLL NOW\"" (The Flaws in Financing) (https://www.catapulteducation.com/course/financing-flaws)\n- \""ENROLL NOW\"" (3D CBCT) (https://www.catapulteducation.com/course/cbct-technology)\n- \""ENROLL NOW\"" (Dental Sleep Medicine and General Dentistry) (https://www.catapulteducation.com/course/sleep-medicine)\n- \""ACCESS OUR ROI CALCULATOR\"" (https://www.prexion.com/roi-calculator/)\n- Contact Us: 855-PREXION\n- Client Support: (650) 212-0314\n- Address: 2077 Gateway Place, Suite 120, San Jose, CA 95110",- https://www.prexion.com/prexion-3d-explorer-pro/\n- https://www.prexion.com/product-specialists/\n- https://www.prexion.com/prexion-3d-excelsior-cbct-scanner/\n- https://www.prexion.com/roi-calculator/\n- https://www.prexion.com/prexion-3d-evolve/\n- https://www.prexion.com/prexion-excelsior-endo/\n- https://www.prexion.com/remote-support/\n- https://www.prexion.com/privacy-policy/\n- https://www.prexion.com/accessibility-statement/,- https://www.catapulteducation.com/course/financing-flaws\n- https://www.catapulteducation.com/course/cbct-technology\n- https://www.catapulteducation.com/course/sleep-medicine\n- https://www.linkedin.com/company/prexion-cbct/\n- https://www.facebook.com/PreXionUSA/\n- https://www.instagram.com/prexionusa/\n- https://www.youtube.com/prexioncbct,- https://www.prexion.com/wp-content/uploads/2023/09/PreXion-ExplorerPRO-ProductBrochure-2023.pdf\n- https://www.prexion.com/wp-content/uploads/2023/09/PreXion-Excelsior-ProductBrochure-2023.pdf,- Catapult Logo (N/A)\n- Top Quality 3D Imaging (N/A)\n- Dr. Lou Graham (N/A)\n- PreXion3D Explorer (N/A)\n- PreXion3D Excelsior (N/A)\n- Dr. Jeff Horowitz (N/A)\n- Dr. Bernee Dunson (N/A)\n- Dr. Robert Walinchus (N/A)\n- Radiodontics Logo (N/A)\n- Dr. Sam Halabo (N/A)\n- PreXion Logo (N/A),redirect,/partners/catapult-grow,"A página é uma landing page de parceria com a Catapult Grow, oferecendo descontos exclusivos para membros na compra de equipamentos CBCT da PreXion. Há duplicação de texto nos depoimentos do Dr. Lou Graham e Dr. Sam Halabo, além da duplicação dos blocos de ofertas de descontos (Rebate Exclusively for Catapult Grow Members) e relatórios de interpretação (CBCT Interpretation Report Offer Exclusively for Catapult Grow Members). O conteúdo foca em campanhas específicas, sendo recomendado redirecionar para uma página consolidada de parcerias ou ofertas no novo site.",
https://www.prexion.com/category/blog/,https://www.prexion.com/category/blog/,200,Blog,article,medium,"# Blog\nLista de 5 itens recentes do blog, focados principalmente em eventos odontológicos de 2026:\n- The Art and Science of Dentistry 2026 – Anaheim – CA\n- AAE Annual Meteting 2026 – Salt Lake City – UT\n- Chicago Mindwinter\n- AEEDC Dubai 2026\n- Saudi International Dental Conference (SIDC)","- Contact Us: [855-PREXION](tel:855PREXION)\n- Client Support: [(650) 212-0314](tel:6502120314)\n- Endereço: 2077 Gateway Place, Suite 120, San Jose, CA 95110",- https://www.prexion.com/the-art-and-science-of-dentistry-2026-anaheim-ca/\n- https://www.prexion.com/aae-annual-meteting-2026-salt-lake-city-ut/\n- https://www.prexion.com/chicago-mindwinter-dental/\n- https://www.prexion.com/aeedc-dubai-event/\n- https://www.prexion.com/saudi-international-dental-conference/\n- https://www.prexion.com/prexion-3d-evolve/\n- https://www.prexion.com/prexion-excelsior-endo/\n- https://www.prexion.com/roi-calculator/\n- https://www.prexion.com/remote-support/\n- https://www.prexion.com/product-specialists/\n- https://www.prexion.com/privacy-policy/\n- https://www.prexion.com/accessibility-statement/\n- https://www.prexion.com/,- https://www.linkedin.com/company/prexion-cbct/\n- https://www.facebook.com/PreXionUSA/\n- https://www.instagram.com/prexionusa/\n- https://www.youtube.com/prexioncbct,Nenhum,Nenhum,redirect,/blog,"A página atua como uma listagem de artigos/eventos do blog, mas os links atuais são focados em eventos de 2026. O rodapé está duplicado no código. É recomendado redirecionar para uma nova página centralizadora de blog ou eventos.",
https://www.prexion.com/cbct-scanner-options/,https://www.prexion.com/cbct-scanner-options/,200,Leading 3D Cone Beam CT Imaging Solutions | PreXion,product,high,"### Leading 3D Cone Beam CT Imaging Solutions\nPreXion delivers clarity and precision from product research to education and support.\n\n### Why choose a PreXion3D CBCT Scanner ?\nPreXion has been committed to revolutionizing dental and medical imaging since 2007. Led by Yasutoyo Imada, the company expanded from Japan to the US and now serves thousands of customers across 50 states and seven countries. \n\n#### Clinical Applications\n- Implant placement surgery\n- Endodontics\n- Periodontics\n- Orthodontics\n- Oral-maxillofacial surgery\n- TMJ treatment\n- Pathology\n- Impacted and supernumerary teeth\n- DICOM export for implant surgical guides & CAD/CAM\n- Integration\n- Airway analysis\n\n### PreXion3D Explorer PRO\nThe Explorer PRO provides a 360˚ panoramic perspective with 523 to 1,024 projected views. Features 3D analysis for sizes 5x5cm to 15x16cm, and \""True\"" and \""Reconstructed\"" panorama modes.\n**Key Features:**\n- Built-in ceph arm design\n- 0.3×0.3mm focal spot\n- FOV ranging from 5×5 to 15×16\n- Low dose, HD and endo CT modes (20s or lower)\n- 14s pano and 16s ceph scan times\n\n### Field of View\nOptimal FOV sizes for diagnostic and treatment accuracy: 5x5cm, 10x5cm, 10x8cm, 15x8cm, 15x13cm.\n\n### PreXion3D Excelsior\nEvolution of the flagship product for high diagnostic clarity.\n**Key Features:**\n- Load multiple patient scans\n- Animated 3D video clips\n- Automatically save 3D image reports to MS Word templates\n- Work remotely without long connectivity delays\n- Extensive library customization\n\n### Imaging Technology Moving You Forward\nPreXion specializes in medical imaging R&D. Founded in 2007 as a spin-off from TeraRecon, Inc. Developed the world’s first photoacoustic imaging system using NIR-LED.\n\n### What is the Industry Saying?\nTestimonial from Lou Graham DDS FAGD praising the training, service, great images, and easy software interface of the PreXion CBCT.\n\n### Request a Free Demo\nForm to request a free demo of the PreXion3D Excelsior.","- REQUEST A DEMO (botão repetido várias vezes)\n- Formulário \""Request a Free Demo\"" com campos: Name, Email, Phone, ZIP Code\n- Telefone Contact Us: 855-PREXION\n- Telefone Client Support: (650) 212-0314\n- Endereço: 2077 Gateway Place, Suite 120, San Jose, CA 95110",- https://www.prexion.com/\n- https://www.prexion.com/prexion-3d-explorer-pro/\n- https://www.prexion.com/prexion-3d-excelsior-cbct-scanner/\n- https://www.prexion.com/prexion-3d-evolve/\n- https://www.prexion.com/prexion-excelsior-endo/\n- https://www.prexion.com/roi-calculator/\n- https://www.prexion.com/remote-support/\n- https://www.prexion.com/product-specialists/\n- https://www.prexion.com/privacy-policy/\n- https://www.prexion.com/accessibility-statement/,- https://www.linkedin.com/company/prexion-cbct/\n- https://www.facebook.com/PreXionUSA/\n- https://www.instagram.com/prexionusa/\n- https://www.youtube.com/prexioncbct,Nenhum,"- Logo PreXion: https://www.prexion.com/\n- As imagens principais de produtos (Explorer PRO, Excelsior) e de comparação (after prexion before prexion) não possuem URLs diretas extraídas no texto, mas estão implícitas no contexto.",consolidate,/cbct-scanners/,"Página principal de produtos CBCT da PreXion. Apresenta os modelos Explorer PRO e Excelsior, suas aplicações clínicas e campos de visão. Contém formulário de contato para demo. É recomendável consolidar as informações gerais em uma nova página de listagem de produtos ou redirecionar para uma rota unificada de scanners no novo site. Não foram encontrados downloads em PDF/ZIP na extração textual. O cabeçalho/hero section e o rodapé parecem estar duplicados no texto extraído.",
https://www.prexion.com/chicago-mindwinter-dental/,https://www.prexion.com/chicago-mindwinter-dental/,200,Chicago Mindwinter,event,medium,"# Chicago Mindwinter\nData: March 17, 2026. A empresa participou de um importante evento internacional do setor de saúde, o Chicago Dental Society – Mindwinter Meeting, de 19 a 21 de fevereiro. O evento proporcionou oportunidades de networking com parceiros e distribuidores, além de fortalecer a presença institucional e ampliar o entendimento das tendências e oportunidades no mercado internacional.\n\n## Stay on the Cutting Edge of Dentistry.\n### Subscribe today.\nSeção para inscrição em newsletter.\n\n## Footer (Contact Us & Explore)\nInformações de contato, suporte ao cliente, endereço e links para produtos e serviços da empresa.","- Inscrever-se (Subscribe today)\n- Contact Us: [855-PREXION](tel:855PREXION)\n- Client Support: [(650) 212-0314](tel:6502120314)\n- Endereço: 2077 Gateway Place, Suite 120, San Jose, CA 95110\n- Live Chat",- https://www.prexion.com/\n- https://www.prexion.com/prexion-3d-evolve/\n- https://www.prexion.com/prexion-excelsior-endo/\n- https://www.prexion.com/roi-calculator/\n- https://www.prexion.com/remote-support/\n- https://www.prexion.com/product-specialists/\n- https://www.prexion.com/privacy-policy/\n- https://www.prexion.com/accessibility-statement/,- https://www.facebook.com/sharer.php?u=https%3A%2F%2Fwww.prexion.com%2Fchicago-mindwinter-dental%2F&t=Chicago%20Mindwinter\n- https://www.linkedin.com/shareArticle?mini=true&url=https%3A%2F%2Fwww.prexion.com%2Fchicago-mindwinter-dental%2F&title=Chicago%20Mindwinter&summary=In%20February%2C%20we%20participated%20in%20an%20important%20international%20event%20in%20the%20healthcare%20sector%2C%20reinforcing%20our%20global%20presence%20and%20our%20commitment%20to%20expansion%20in%20strategic%20markets.%20This%20meeting%20was%20held%20at%20the%20Chicago%20Dental%20Society%20-%20Mindwinter%20Meeting%2C%20from%20February%2019th%20to%2021st%2C%20and%20provided%20significant%20opportunities%20for%20networking%20with%20partners%20and%20distributors%2C%20as%20well%20as\n- mailto:?subject=Chicago%20Mindwinter&body=https%3A%2F%2Fwww.prexion.com%2Fchicago-mindwinter-dental%2F\n- https://www.linkedin.com/company/prexion-cbct/\n- https://www.facebook.com/PreXionUSA/\n- https://www.instagram.com/prexionusa/\n- https://www.youtube.com/prexioncbct,Nenhum,Nenhum,consolidate,/news/chicago-mindwinter-dental,A página é uma notícia/post sobre a participação em um evento (Chicago Dental Society – Mindwinter Meeting) ocorrido em fevereiro. Conteúdo de blog/notícia padrão. O rodapé aparece duplicado no texto extraído. Pode ser migrada para uma seção de notícias ou eventos do novo site.,
https://www.prexion.com/contact/,https://www.prexion.com/contact/,200,Contact Us,institutional,high,"## Contact Us\nDiscover how our dental solutions can support your practice. Whether you are an existing customer, would like to learn more about our products, or want to schedule a demo, our team is ready to help. For unrelated inquiries, please call: (650) 212-0300.\n\n## PreXion Contact\nprexion headquarters\n\n### Working Hours\nOpen: Mon-Fri 6:00 AM-5:00 PM\nClosed: Sat-Sun and Public Holidays\n\n### Our Location\n2077 Gateway Place, Suite 120, San Jose, CA 95110\n\n## What is the Industry Saying?\nTestimonial from DR. LE O'LEARY about using PreXion CBCT in endodontic practice.","- Schedule a demo (implied in text)\n- Call for unrelated inquiries: [(650) 212-0300](tel:6502120300)\n- Contact Us: [855-PREXION](tel:855PREXION)\n- Client Support: [(650) 212-0314](tel:6502120314)\n- Address: 2077 Gateway Place, Suite 120, San Jose, CA 95110",- https://www.prexion.com/\n- https://www.prexion.com/author/3vdab/\n- https://www.prexion.com/prexion-3d-evolve/\n- https://www.prexion.com/prexion-excelsior-endo/\n- https://www.prexion.com/roi-calculator/\n- https://www.prexion.com/remote-support/\n- https://www.prexion.com/product-specialists/\n- https://www.prexion.com/privacy-policy/\n- https://www.prexion.com/accessibility-statement/,- https://www.linkedin.com/company/prexion-cbct/\n- https://www.facebook.com/PreXionUSA/\n- https://www.instagram.com/prexionusa/\n- https://www.youtube.com/prexioncbct,Nenhum,Nenhum,create,/contact,"A página contém informações de contato cruciais, horários de funcionamento e endereço da sede. O conteúdo do rodapé está duplicado no markdown extraído. A página deve ser migrada e mantida como o principal ponto de contato.",
https://www.prexion.com/discover-the-evolve-2d-pan/,https://www.prexion.com/discover-the-evolve-2d-pan/,200,Evolve 2D (PAN) (LP),landing-page,high,"### PreXion Evolve 2D (PAN)\nO PreXion Evolve 2D (PAN) destaca-se pela facilidade de uso e qualidade de imagem. Possui filtros aprimorados, capacidade multislice (41 fatias panorâmicas) e algoritmos de reconstrução para nitidez e contraste.\n\n# Upgradeable 2D to 3D CBCT\nRepete o texto anterior sobre a facilidade de uso, filtros, 41 fatias panorâmicas e algoritmos de reconstrução do PreXion Evolve 2D (PAN).\n\n## Get a Complimentary Demo\nIncentiva o agendamento de uma demonstração com um especialista para entender como a imagem precisa melhora o diagnóstico, planejamento de tratamento, aceitação do paciente e aumento de receita. Menciona a comparação entre scanners 2D e 3D CBCT.\n\n### Panoramic\n- 5 adaptive filters\n- Enhanced Ortho\n\n#### CEPH Arm:\nA adição do braço Ceph aumenta o potencial diagnóstico para exames cefalométricos. Sensor Ceph especializado cria imagens de alta qualidade.\n\n#### Scan Time:\n- Standard Mode: 4.1 – 16.5s\n- Fast Mode: 2.5 – 10s\n\n- Lateral Ceph\n- AP/PA Frontal Ceph\n\n### What is the Industry Saying?\nDepoimento de Lou Graham DDS FAGD, USA, elogiando o treinamento, serviço, imagens e interface do software do equipamento CBCT da PreXion.","- Get a Complimentary Demo (formulário/botão)\n- Request a Demo\n- Live Chat\n- Telefones: 855-PREXION, (650) 212-0314\n- Endereço: 2077 Gateway Place, Suite 120, San Jose, CA 95110",- https://www.prexion.com/author/3vdab/\n- https://www.prexion.com/prexion-3d-evolve/\n- https://www.prexion.com/prexion-excelsior-endo/\n- https://www.prexion.com/roi-calculator/\n- https://www.prexion.com/remote-support/\n- https://www.prexion.com/product-specialists/\n- https://www.prexion.com/privacy-policy/\n- https://www.prexion.com/accessibility-statement/\n- https://www.prexion.com/,- https://www.linkedin.com/company/prexion-cbct/\n- https://www.facebook.com/PreXionUSA/\n- https://www.instagram.com/prexionusa/\n- https://www.youtube.com/prexioncbct,Nenhum,Nenhum,redirect,/evolve-2d-pan,"Página do tipo landing page (LP) focada no produto PreXion Evolve 2D (PAN). O conteúdo principal apresenta o produto, suas características (filtros, 41 fatias panorâmicas, capacidade de atualização para 3D) e incentiva o agendamento de uma demonstração. O rodapé aparece duplicado na extração. O texto menciona depoimento de cliente. Recomenda-se redirecionar para a página principal do produto no novo site, caso esta LP não seja mais necessária como página independente, ou consolidá-la.",
https://www.prexion.com/discover-the-expedition-cbct-scanner/,https://www.prexion.com/discover-the-expedition-cbct-scanner/,200,PreXion Expedition CBCT Scanner,product,high,"# PreXion Expedition CBCT Scanner\nThe PreXion Expedition CBCT Scanner is designed and manufactured in Japan to deliver high image quality. It combines a high-quality X-ray generator (developed in-house) with various imaging technologies. The software has been used for over 15 years in clinical procedures. The product is backed by responsive customer support and strict quality control standards.\n\n## Calculate Your ROI Now!\nA call to action encouraging users to use the ROI calculator tool to compare net income from a PreXion investment to financing expenses.\n\n## Get a Complimentary Demo\nAn invitation to schedule a demo with a specialist to understand how precise imaging improves diagnostic capabilities, treatment planning, patient acceptance, and revenue. It also offers a comparison of various 3D CBCT scanners.\n\n### Cone Beam CT Benefits in Daily Practice\nHighlights the benefits of using Cone Beam CT, including precise diagnosis by viewing spatial structures (teeth, jawbone, nerves) not visible in 2D, low dosage with clear image quality, and intuitive operation for stress-free diagnosis and better patient understanding.\n\n### In Pursuit of High Image Quality\nEmphasizes superior imaging quality achieved by combining a high-quality X-ray generator with new IGZO technology for capturing higher quality images.\n\n#### New IGZO Flat Panel Detector\nExplains that IGZO (indium, gallium, zinc, oxide) technology uses more current to capture clearer images with less noise and reduced energy consumption.\n\n#### 360° Rotation\nMentions the scanner obtains information from the entire circumference with 360° scanning for higher resolution without image rendering.\n\n#### 110k High X-ray Tube Voltage\nStates the 110kV voltage delivers optimal image quality for all tissue types while decreasing artifacts.\n\n#### X-Ray Tube Focal Spot 0.3 × 0.3mm\nHighlights the 0.3mm focal spot, one of the smallest in the industry.\n\n#### Voxel Size Minimum: 0.06mm, Maximum: 0.3mm\nLists voxel sizes (0.06 to 0.3mm) for high resolution 3D images, noting it is smaller than nearly every competitor.\n\n#### 16-bit Grayscale\nNotes the scanner has 16-bits (65,536 gradations) for smoother, higher resolution images, compared to standard 14-bits.\n\n### Making Low Radiation Exposure a Reality\nDescribes features like pulse irradiation and low-dose mode that deliver high image quality while minimizing radiation exposure.\n\n#### New Fields of View (FOV)\nDetails the FOV options: 5x5cm, 8x8cm, 12.5x10cm, and 15x15cm (optional). Mentions the new 12.5x10cm FOV provides 2cm of additional height for lower sinuses.\n\n#### New Modern Design\nMentions updated model design and panel manufacturing for greater durability and a sleek, modern look.\n\n### What is the Industry Saying?\nA testimonial from Lou Graham DDS FAGD praising the training, service, image quality, and software interface of the PreXion CBCT over 5 years of use.","- Calculate Your Savings\n- [Go to ROI calculator now!](https://www.prexion.com/roi-calculator/)\n- Get a Complimentary Demo (Schedule a demo with a PreXion 3D cone beam specialist)\n- Contact Us: [855-PREXION](tel:855PREXION)\n- Client Support: [(650) 212-0314](tel:6502120314)\n- Endereço: 2077 Gateway Place, Suite 120, San Jose, CA 95110",- https://www.prexion.com/roi-calculator/\n- https://www.prexion.com/prexion-3d-evolve/\n- https://www.prexion.com/prexion-excelsior-endo/\n- https://www.prexion.com/remote-support/\n- https://www.prexion.com/product-specialists/\n- https://www.prexion.com/privacy-policy/\n- https://www.prexion.com/accessibility-statement/\n- https://www.prexion.com/,- https://www.linkedin.com/company/prexion-cbct/\n- https://www.facebook.com/PreXionUSA/\n- https://www.instagram.com/prexionusa/\n- https://www.youtube.com/prexioncbct,Nenhum,Nenhum,create,/products/expedition-cbct-scanner,"Página de produto relevante com informações detalhadas sobre o Expedition CBCT Scanner. O conteúdo parece atualizado, mas há duplicações visíveis no texto extraído (ex: seções 'PreXion Expedition CBCT Scanner', 'Calculate Your ROI Now!', 'Get a Complimentary Demo' e blocos de benefícios/qualidade de imagem aparecem duplicados), o que pode ser um problema de renderização da página antiga ou estruturação do HTML. A página não possui formulários embutidos diretamente visíveis no texto, apenas chamadas para ação. Não há downloads de folhetos em PDF. Deve ser criada uma página de produto dedicada no novo site com as especificações técnicas (IGZO, 110kV, focal spot 0.3mm, etc).",
https://www.prexion.com/discover-the-explorer-ex-cbct-scanner/,https://www.prexion.com/discover-the-explorer-ex-cbct-scanner/,200,Explorer EX CBCT Scanner (LP),landing-page,high,"# Explorer EX CBCT Scanner (LP)\n\nPágina de agradecimento ou landing page oferecendo o scanner CBCT Explorer EX com grande FOV e alta precisão por um valor $10.000 menor. \n\n## Recursos e Downloads\n\n- **eBook**: _Study Shows Emerging Cone-Beam Computed Tomography (CBCT) and Imaging Systems Allow Dentistry and Specialty Practices to Be More Profitable More Quickly Compared to Standard 2D Imaging Technology_\n- **Brochura**: PreXion Explorer EX CBCT specifications brochure.\n\n## Oferta de Conexão\n\nChamada para conectar-se com a PreXion e garantir o desconto de $10.000, oferecendo:\n- Clareza sobre retorno de investimento.\n- Maior aceitação de casos por parte dos pacientes.\n- Demonstração presencial gratuita do PreXion Explorer EX CBCT.\n\n## What is the Industry Saying?\n\nDepoimentos de profissionais sobre os produtos PreXion:\n- **Dr. Richard Newhart (Periodontista)**: Destaca as especificações, baixa radiação e diagnóstico de doença periodontal.\n- **Dr. Robert Walinchus**: Enfatiza a confiança em diagnósticos e tratamentos (sinus lifts, implantes, etc.).\n- **Dr. Jeffrey C. Miller**: Ressalta a visualização da relação osso/raiz.","- Telefone: [855-PREXION](tel:855PREXION)\n- Suporte: [(650) 212-0314](tel:6502120314)\n- Endereço: 2077 Gateway Place, Suite 120, San Jose, CA 95110\n- Ação: GET ACCESS NOW (eBook)\n- Ação: DOWNLOAD NOW (brochure)\n- Ação: Yes, I want to connect with PreXion today",- https://www.prexion.com/\n- https://www.prexion.com/prexion-3d-evolve/\n- https://www.prexion.com/prexion-excelsior-endo/\n- https://www.prexion.com/roi-calculator/\n- https://www.prexion.com/remote-support/\n- https://www.prexion.com/product-specialists/\n- https://www.prexion.com/privacy-policy/\n- https://www.prexion.com/accessibility-statement/,- https://www.linkedin.com/company/prexion-cbct/\n- https://www.facebook.com/PreXionUSA/\n- https://www.instagram.com/prexionusa/\n- https://www.youtube.com/prexioncbct,- https://www.prexion.com/wp-content/uploads/2024/03/PreXion-BeMoreProfitableMoreQuickly.pdf\n- https://www.prexion.com/wp-content/uploads/2024/02/PRE-Explorer-EX-ProductBrochure-SinglePages-NoCeph.pdf,Nenhum,consolidate,/products/explorer-ex,"A página é uma landing page voltada para conversão do produto Explorer EX CBCT, oferecendo um desconto de $10.000. Contém links para download de um eBook e uma brochura. A estrutura apresenta duplicação do bloco de rodapé/contato no conteúdo extraído. Como é uma página focada no produto, pode ser consolidada na página principal do Explorer EX.",
https://www.prexion.com/discover-the-prexion-3d-intraoral-sensor/,https://www.prexion.com/discover-the-prexion-3d-intraoral-sensor/,200,Prexion 3D Intraoral Sensor (LP),landing-page,high,"## Evolve Intraoral Sensor\nO Evolve Intraoral Sensor é um sensor de imagem digital intraoral de precisão que oferece imagens de alta definição para diagnósticos precisos e seguros. Ele otimiza o fluxo de trabalho de radiografia intraoral e gerencia eficientemente as imagens dos pacientes. (Nota: Este bloco aparece duplicado no topo da página).\n\n## Get started with imaging at a manageable price point.\n### Ready to increase production and save now?\nChamada para agendar uma demonstração com um especialista em imagem para explorar a adição da tecnologia de sensor intraoral na clínica.\n\n## Why the Evolve Intraoral Sensor?\nApresenta o Evolve IOS como um scanner intraoral portátil e ergonômico, pesando apenas 150 gramas. Possui interface amigável que melhora a simplicidade, eficiência e produtividade do fluxo de trabalho. Permite escaneamentos precisos para várias aplicações (modelos de estudo, alinhadores ortodônticos, próteses, placas miorrelaxantes).\n\n## Product Features\n- **Compatibility**: Compatível com qualquer equipamento de raio-X disponível no mercado.\n- **Easy Cable Replacement**: Usa cabo USB 2.0 fácil de substituir (3 metros) e possui sistema interno de proteção de silicone.\n- **Save Money**: Solução custo-efetiva, eliminando gastos com filme e produtos químicos.\n- **Save Time**: Captura em cerca de 5 segundos, contra 5 minutos do sistema analógico.\n- **Sharper Images**: Imagens em alta definição em tempo real com 25 pares de linhas (teórico) e processamento avançado.\n- **Cesium Lodide Technology**: Baseado em tecnologia de Iodeto de Césio (escrito \""Lodide\"" no texto) encontrada em tomógrafos de alta definição.\n\n## Software Features\n- **Organized Images**: Registro de pacientes e organização rápida de imagens.\n- **Unlimited Licenses**: Software inclui licenças ilimitadas para instalação em múltiplos computadores.\n- **Share Images and Diagnostics**: Salva em TFIF, BITMAP, PNG, DCIOM e JPG. Gera relatórios em PDF para compartilhamento por email.\n- **Impress Your Patients**: Ferramenta para demonstrar detalhes do tratamento e comparar imagens pré e pós-procedimento.\n- **Full Featured**: Ferramentas incluem rotação, zoom, brilho, contraste, ajuste de gama, cor positiva/negativa, alto-relevo, inserção de texto, setas, círculos, seleção e corte, medição de ângulo e segmento, barra de diagnóstico, odontograma e comparação em tela cheia.\n\n## Computer Configuration (Minimum Requirements)\n- Sistema Operacional: Windows 7 ou superior\n- CPU: Intel Core i3 3.0 GHz ou superior\n- RAM: 4GB DDR2 SDRAM\n- HDD: 500 GB ou maior\n- Conector USB: 2x USB 2.0\n- Resolução do Monitor: 1024 × 768\n\n## What is the Industry Saying?\nDepoimento de Edward S. Katz, DDS, elogiando a qualidade das imagens do PreXion 3D CBCT, comparável a tomografias médicas, mas com muito menos radiação.","- Request a Demo\n- Yes, I want to schedule a demo with an imaging specialist to explore adding intraoral sensor technology to my practice.\n- Contact Us: [855-PREXION](tel:855PREXION)\n- Client Support: [(650) 212-0314](tel:6502120314)\n- Endereço: 2077 Gateway Place, Suite 120, San Jose, CA 95110",- https://www.prexion.com/author/3vdab/\n- https://www.prexion.com/prexion-3d-evolve/\n- https://www.prexion.com/prexion-excelsior-endo/\n- https://www.prexion.com/roi-calculator/\n- https://www.prexion.com/remote-support/\n- https://www.prexion.com/product-specialists/\n- https://www.prexion.com/privacy-policy/\n- https://www.prexion.com/accessibility-statement/\n- https://www.prexion.com/,- https://www.dentalcare.com/en-us/ce-courses/ce559/overview-of-intraoral-image-receptors\n- https://www.linkedin.com/company/prexion-cbct/\n- https://www.facebook.com/PreXionUSA/\n- https://www.instagram.com/prexionusa/\n- https://www.youtube.com/prexioncbct,Nenhum,Nenhum,create,/products/evolve-intraoral-sensor,"A página apresenta duplicação no texto introdutório (\""Evolve Intraoral Sensor\"") e no rodapé (\""EXPLORE:\""). Há um erro de digitação em \""Cesium Lodide\"" (deveria ser Cesium Iodide). Como é uma landing page de produto (Evolve Intraoral Sensor), o conteúdo é relevante e deve ser migrado para uma página de produto dedicada no novo site.",
https://www.prexion.com/distributor-locations/,https://www.prexion.com/distributor-locations/,200,Distributor Locations,sales,medium,# DISTRIBUTOR LOCATIONS\n\n## Find a Distributor\nNational coverage through trusted dental industry distribution partnerships. Contact us to find the right dealer for your needs. Practicing dental professionals only. Others should reach out to PreXion directly by calling (650) 212-0300.\n\n## Experience True Clarity & Precision\nSchedule a demo today.,- Call (650) 212-0300\n- Request a demo (https://www.prexion.com/request-a-demo/)\n- Contact Us: 855-PREXION\n- Client Support: (650) 212-0314,- https://www.prexion.com/request-a-demo/\n- https://www.prexion.com/prexion-3d-evolve/\n- https://www.prexion.com/prexion-excelsior-endo/\n- https://www.prexion.com/roi-calculator/\n- https://www.prexion.com/remote-support/\n- https://www.prexion.com/product-specialists/\n- https://www.prexion.com/privacy-policy/\n- https://www.prexion.com/accessibility-statement/\n- https://www.prexion.com/,- https://www.linkedin.com/company/prexion-cbct/\n- https://www.facebook.com/PreXionUSA/\n- https://www.instagram.com/prexionusa/\n- https://www.youtube.com/prexioncbct,Nenhum,Nenhum,consolidate,/contact,"Página muito simples sem lista real de distribuidores, apenas orientando a entrar em contato por telefone. Recomenda-se consolidar na página de contato geral.",
https://www.prexion.com/download-be-more-profitable-more-quickly/,https://www.prexion.com/download-be-more-profitable-more-quickly/,200,Download – Be More Profitable More Quickly,landing-page,medium,"##### DATA-DRIVEN EBOOK\n\n### Study Shows Emerging Cone-Beam Computed Tomography (CBCT) and Imaging Systems Allow Dentistry and Specialty Practices to Be More Profitable More Quickly Compared to Standard 2D Imaging Technology\n\nPreXion recently surveyed dentists and dental specialists across the United States to determine current perceptions on cost analysis from investment to return on Cone-Beam Computed Tomography (CBCT) and imaging systems as well as emerging ways to increase profitability on such investments in a shorter time. Given economic pressures on practices today such as rising costs of supplies and increased competition, it’s not surprising that the lower-initial-investment options like the intraoral digital imaging sensor and standard intraoral scanner ranked at higher importance to your peers than the standard 3D CBCT system.\n\nIf you are considering upgrading your practice’s CBCT and imaging systems, you will want to be equipped with all the latest insights into how best to earn a return on your investments. In this eBook, we will cover data from your peers in dentistry and specialty practice on these topics:\n* Common Myths about CBCT Imaging in Dentistry and Specialty Practices\n* The 2D Advantage: Your Peers’ Insights on Using 2D Panoramic Imaging\n* The 3D Advantage: Your Peers’ Insights on Using 3D CBCT Imaging\n* The Intraoral Sensor Advantage: Your Peers’ Insights on Using an Intraoral Digital Imaging Sensor\n* Increasing Profitability More Quickly with Emerging Cone-Beam Computed Tomography (CBCT) and Imaging Systems\n* Conclusion: How Could CBCT Imaging Companies Be More Helpful to the Dental Profession Overall?\n\n### Download the Full eBook\n(Formulário/Link ausente no texto extraído)",- Download the Full eBook\n- Contact Us: 855-PREXION\n- Client Support: (650) 212-0314,- https://www.prexion.com/author/3vdab/\n- https://www.prexion.com/prexion-3d-explorer-pro/\n- https://www.prexion.com/prexion-3d-excelsior-cbct-scanner/\n- https://www.prexion.com/roi-calculator/\n- https://www.prexion.com/remote-support/\n- https://www.prexion.com/product-specialists/\n- https://www.prexion.com/privacy-policy/\n- https://www.prexion.com/accessibility-statement/\n- https://www.prexion.com/,- https://www.linkedin.com/company/prexion-cbct/\n- https://www.facebook.com/PreXionUSA/\n- https://www.instagram.com/prexionusa/\n- https://www.youtube.com/prexioncbct\n- https://careers.jobscore.com/careers/prexioninc,Nenhum,- PreXion Logo: https://www.prexion.com/,consolidate,/resources/ebooks/be-more-profitable-more-quickly,"A página apresenta o conteúdo duplicado (o texto sobre o eBook é repetido duas vezes) e o rodapé também está duplicado. Não há um link real para o download do eBook, sugerindo que um formulário pode estar faltando ou quebrado na extração de texto. É uma landing page para download de eBook. Recomenda-se consolidar em uma nova página de recursos ou consertar o formulário de download.",
https://www.prexion.com/download-dental-professionals-insights-on-precision-imaging-excellence/,https://www.prexion.com/download-dental-professionals-insights-on-precision-imaging-excellence/,200,Download – Dental Professionals’ Insights on Precision Imaging Excellence,landing-page,medium,"# Dental Professionals’ Insights on Precision Imaging Excellence\n\nPágina de landing (Data-Driven eBook) baseada em uma pesquisa da PreXion com dentistas e especialistas sobre o significado de \""precision imaging excellence\"". A pesquisa incluiu dentistas gerais, ortodontistas, endodontistas, cirurgiões orais, etc., de práticas solo (50%), multi-location (42%) e DSO (8%).\n\nO eBook cobre:\n- Definição de “Precision Imaging Excellence”\n- Importância de um lineup completo de recursos 2D/3D\n- Opiniões de colegas sobre a importância\n- Pontos fortes e fracos de várias tecnologias de imagem\n- Vantagens de liderar uma prática com excelência em imagem\n- Tipos de soluções de imagem dental\n\n## Download the Full eBook\nSeção que contém o formulário (não visível no texto, mas citado) para baixar o eBook completo.","- Formulário: \""Fill out the form below to download the full eBook\""\n- Telefone: 855-PREXION\n- Telefone de Suporte: (650) 212-0314\n- Endereço: 2077 Gateway Place, Suite 120, San Jose, CA 95110",- https://www.prexion.com/prexion-3d-evolve/\n- https://www.prexion.com/prexion-excelsior-endo/\n- https://www.prexion.com/roi-calculator/\n- https://www.prexion.com/remote-support/\n- https://www.prexion.com/product-specialists/\n- https://www.prexion.com/privacy-policy/\n- https://www.prexion.com/accessibility-statement/\n- https://www.prexion.com/,- https://www.linkedin.com/company/prexion-cbct/\n- https://www.facebook.com/PreXionUSA/\n- https://www.instagram.com/prexionusa/\n- https://www.youtube.com/prexioncbct,Nenhum,Nenhum,redirect,/resources/ebooks/precision-imaging-excellence,"Página de landing para download de eBook sobre \""Precision Imaging Excellence\"". O texto principal está duplicado na extração. Há menção a um formulário (\""Fill out the form below\""), mas o link direto para o PDF não está exposto na página (provavelmente é enviado por e-mail ou redirecionado após o preenchimento). Recomenda-se redirecionar para a nova central de recursos ou manter como landing page caso a campanha ainda seja ativa.",
https://www.prexion.com/download-ebook-library/,https://www.prexion.com/download-ebook-library/,200,Download eBook Library,resource,medium,"## eBooks: Deep Intel Based Upon Survey Data from Dentists and Dental Specialists\nIntrodução à biblioteca de eBooks com base em dados de pesquisas realizadas com dentistas e especialistas em odontologia.\n\n### Mitigating Practice Liability Exposure with Precision Treatment Planning and Diagnoses\nResumo de um eBook focado no gerenciamento de responsabilidade da clínica através do planejamento preciso de tratamentos e diagnósticos. Destaca objetivos de aprendizado como aceitação de tratamento, diagnóstico preciso e superação de barreiras na implementação de tratamentos baseados em evidências.\n\n### Overcoming the Rising Costs and Economic Challenges in Dentistry\nResumo de um eBook focado nos desafios econômicos e aumento de custos, citando dados de inflação de 2022. Aborda estratégias para superar obstáculos, como aumentar o fluxo de pacientes com custo mínimo, diminuir despesas e reter funcionários qualificados.\n\n#### Discover what CBCT can make possible for your practice.\nChamada para a utilização da calculadora de ROI para avaliar o retorno financeiro do investimento em tecnologia CBCT da PreXion.\n\n### What is the Industry Saying?\nDepoimento do Dr. Robert Walinchus sobre a clareza e precisão do equipamento CBCT da PreXion, destacando seu impacto no diagnóstico, planejamento e tratamento (levantamento de seio maxilar, implantes, enxertos ósseos, etc.).\n\n## Experience True Clarity & Precision\nSeção final com um apelo para agendar uma demonstração dos produtos e tecnologias da PreXion.","- Get Your Ebook (Mitigating Practice Liability)\n- Get Your Ebook (Overcoming the Rising Costs)\n- CALCULATE YOUR SAVINGS\n- REQUEST A DEMO\n- Contact Us: 855-PREXION\n- Client Support: (650) 212-0314\n- Endereço: 2077 Gateway Place, Suite 120, San Jose, CA 95110",- https://www.prexion.com/success-mitigating-practice-liability-exposure-with-precision-treatment-planning-and-diagnoses/\n- https://www.prexion.com/success-overcoming-the-rising-costs-and-economic-challenges-in-dentistry/\n- https://www.prexion.com/roi-calculator/\n- https://www.prexion.com/request-a-demo/\n- https://www.prexion.com/prexion-3d-evolve/\n- https://www.prexion.com/prexion-excelsior-endo/\n- https://www.prexion.com/remote-support/\n- https://www.prexion.com/product-specialists/\n- https://www.prexion.com/privacy-policy/\n- https://www.prexion.com/accessibility-statement/,- https://www.linkedin.com/company/prexion-cbct/\n- https://www.facebook.com/PreXionUSA/\n- https://www.instagram.com/prexionusa/\n- https://www.youtube.com/prexioncbct,Nenhum,Nenhum,consolidate,/resources/ebooks,"Página lista eBooks disponíveis. Contém dados de inflação de 2022 que estão um pouco desatualizados. Links para os eBooks apontam para páginas com prefixo \""success-\"", sugerindo que esta página pode estar contornando o fluxo de captura de leads. Recomenda-se consolidar em uma nova central de recursos e revisar o fluxo de formulários.",
https://www.prexion.com/download-how-your-peers-earn-roi-from-3d-cbct-scan-imaging-technology/,https://www.prexion.com/download-how-your-peers-earn-roi-from-3d-cbct-scan-imaging-technology/,200,Download – How Your Peers Earn ROI from 3D CBCT Scan Imaging Technology,landing-page,high,"### DATA-DRIVEN EBOOK\n\n### The Complete Data-Driven Guide to How Your Peers Earn ROI from 3D CBCT Scan Imaging Technology\nPreXion surveyed over 100 dentists and specialists to gather insights on how they earn ROI on 3D CBCT imaging technology. The survey pool included General Dentists (66%), Oral Surgeons (16%), Orthodontists (12%), Endodontists (3%), Periodontists (2%), Prosthodontists (1%), and Pedodontists (1%). The eBook covers strategies, key factors driving ROI (profitability, efficiency, productivity), methods to quantitatively and qualitatively measure ROI, and factors influencing the investment decision, such as higher interest rates and tax implications (Section 179).\n\n### Download the Full eBook\nSection dedicated to providing the eBook download, though the form may be dynamically rendered.",- Download the Full eBook\n- Contact Us: [855-PREXION](tel:855PREXION)\n- Client Support: [(650) 212-0314](tel:6502120314),- https://www.prexion.com/author/3vdab/\n- https://www.prexion.com/prexion-3d-evolve/\n- https://www.prexion.com/prexion-excelsior-endo/\n- https://www.prexion.com/roi-calculator/\n- https://www.prexion.com/remote-support/\n- https://www.prexion.com/product-specialists/\n- https://www.prexion.com/privacy-policy/\n- https://www.prexion.com/accessibility-statement/\n- https://www.prexion.com/,- https://www.linkedin.com/company/prexion-cbct/\n- https://www.facebook.com/PreXionUSA/\n- https://www.instagram.com/prexionusa/\n- https://www.youtube.com/prexioncbct,Nenhum,Nenhum,create,/resources/how-your-peers-earn-roi-from-3d-cbct-scan-imaging-technology/,"Página de captura (landing page) para download de e-book. O texto principal está duplicado na própria página. Formulário de download não está visível no texto extraído, indicando possível renderização dinâmica ou necessidade de revisão do embed. Recomenda-se recriar a landing page com o formulário de captura integrado.",
https://www.prexion.com/download-mitigating-practice-liability-exposure-with-precision-treatment-planning-and-diagnoses/,https://www.prexion.com/download-mitigating-practice-liability-exposure-with-precision-treatment-planning-and-diagnoses/,200,Download – Mitigating Practice Liability Exposure with Precision Treatment Planning and Diagnoses,landing-page,medium,"# Mitigating Practice Liability Exposure with Precision Treatment Planning and Diagnoses\n\nPreXion surveyed dentists across the US regarding treatment planning and diagnostics related to practice liability management. The study emphasizes that treatment planning is critical for successful patient outcomes.\n\n## Factors Considered in Treatment Planning\nRespondents consider various factors when assessing risks and benefits:\n- 50% Patient’s overall health and oral health condition\n- 46% Alignment with the patient on treatment objectives\n- 46% Long-term prognosis of the proposed treatment\n- 38% Treatment complexity\n- 27% Patient compliance with past dental care\n- 23% Potential complications\n\n## Learning Objectives\nThe eBook provides data and education on overcoming obstacles, including:\n- Achieving Reasonable Rates of Treatment Acceptance\n- Building Confidence in Accurately Diagnosing Dental Conditions\n- Navigating Patient-Doctor Disagreement in Treatment Planning\n- Handling Patient Emergencies When Consent Is Not Possible\n- Overcoming Barriers to Implementing Evidence-Based Treatment Planning\n- Opportunities to Improve Treatment Planning, Diagnosing and Liability Management","- [855-PREXION](tel:855PREXION)\n- [(650) 212-0314](tel:6502120314)\n- 2077 Gateway Place, Suite 120, San Jose, CA 95110",- https://www.prexion.com/prexion-3d-evolve/\n- https://www.prexion.com/prexion-excelsior-endo/\n- https://www.prexion.com/roi-calculator/\n- https://www.prexion.com/remote-support/\n- https://www.prexion.com/product-specialists/\n- https://www.prexion.com/privacy-policy/\n- https://www.prexion.com/accessibility-statement/\n- https://www.prexion.com/,- https://www.linkedin.com/company/prexion-cbct/\n- https://www.facebook.com/PreXionUSA/\n- https://www.instagram.com/prexionusa/\n- https://www.youtube.com/prexioncbct,Nenhum,Nenhum,consolidate,/resources/ebooks/mitigating-practice-liability-exposure,"A página apresenta o conteúdo de forma duplicada no corpo principal. É uma landing page para download de um eBook sobre mitigação de riscos de responsabilidade na prática odontológica. Recomenda-se consolidar com outras páginas de recursos/eBooks no novo site, possivelmente corrigindo a duplicação do texto. Não há link direto para o download do eBook no conteúdo extraído, sugerindo que um formulário possa estar ausente ou não renderizado.",
https://www.prexion.com/download-overcoming-rising-costs-and-economic-challenges-in-dentistry/,https://www.prexion.com/download-overcoming-rising-costs-and-economic-challenges-in-dentistry/,200,Download Overcoming Rising Costs and Economic Challenges in Dentistry,landing-page,medium,"# Download Overcoming Rising Costs and Economic Challenges in Dentistry\n\n## Overcoming the Rising Costs and Economic Challenges in Dentistry\n\nEste bloco descreve os desafios econômicos contínuos enfrentados pelos dentistas, como dificuldades de recrutamento, altos custos de EPIs e baixas taxas de reembolso, que foram exacerbados após o início da pandemia. Menciona que os custos operacionais dispararam enquanto o fluxo de pacientes diminuiu devido a preocupações com a inflação. O texto cita dados de 2022 sobre o aumento de preços e destaca que a inflação dos serviços odontológicos (4.7%) ficou abaixo da inflação geral (8.2%), resultando em menor rentabilidade. O objetivo do eBook é oferecer soluções estratégicas para esses desafios.\n\n### Download the Full eBook\n\nSeção contendo o formulário/CTA para baixar o material completo.","- Formulário para download de eBook (\""Download the Full eBook\"")\n- Telefones de contato: 855-PREXION e (650) 212-0314\n- Endereço: 2077 Gateway Place, Suite 120, San Jose, CA 95110",- https://www.prexion.com/author/3vdab/\n- https://www.prexion.com/prexion-3d-evolve/\n- https://www.prexion.com/prexion-excelsior-endo/\n- https://www.prexion.com/roi-calculator/\n- https://www.prexion.com/remote-support/\n- https://www.prexion.com/product-specialists/\n- https://www.prexion.com/privacy-policy/\n- https://www.prexion.com/accessibility-statement/\n- https://www.prexion.com/,- https://www.linkedin.com/company/prexion-cbct/\n- https://www.facebook.com/PreXionUSA/\n- https://www.instagram.com/prexionusa/\n- https://www.youtube.com/prexioncbct,Nenhum,- Logo da PreXion: https://www.prexion.com/,consolidate,/resources/ebooks/overcoming-rising-costs-and-economic-challenges-in-dentistry,"A página apresenta duplicação do conteúdo principal (o texto introdutório do eBook é repetido duas vezes na mesma página). Além disso, o rodapé (com links e contatos) também aparece duplicado no final. É uma landing page para download de eBook que deve ser consolidada na área de recursos do novo site, corrigindo as duplicações de texto.",
https://www.prexion.com/downloadable-assets/,https://www.prexion.com/downloadable-assets/,200,Downloadable Assets,resource,high,"## eBooks: Deep Intel Based Upon Survey Data from Dentists and Dental Specialists\nApresenta um eBook baseado em pesquisa com mais de 100 dentistas e especialistas sobre como eles obtêm ROI com a tecnologia de imagem 3D CBCT. Detalha os dados demográficos dos entrevistados (66% clínicos gerais, 16% cirurgiões orais, etc.) e sua distribuição regional nos EUA. O eBook cobre fatores que impulsionam o ROI, como medir o ROI (quantitativa e qualitativamente) e fatores que influenciaram a decisão de investimento (taxas de juros, finanças, implicações fiscais).\n\n### Dental Professionals’ Insights on Precision Imaging Excellence\nDescreve um eBook sobre o que significa \""excelência em imagem de precisão\"" na odontologia, baseado em pesquisa com dentistas. Cobre a definição do termo, a importância de recursos 2D/3D, pontos fortes e fracos de várias tecnologias de imagem e os tipos de soluções de imagem odontológica disponíveis.\n\n### Study Shows Emerging Cone-Beam Computed Tomography (CBCT) and Imaging Systems Allow Dentistry and Specialty Practices to Be More Profitable More Quickly Compared to Standard 2D Imaging Technology\nDestaca um eBook focado na lucratividade e análise de custo de sistemas CBCT. Aborda mitos comuns, as vantagens das imagens 2D e 3D, e o uso de sensores digitais intraorais, além de maneiras de aumentar a lucratividade mais rapidamente com sistemas emergentes.\n\n### Mitigating Practice Liability Exposure with Precision Treatment Planning and Diagnoses\nResumo de um eBook focado no gerenciamento de responsabilidade da clínica por meio de diagnósticos e planejamento de tratamento precisos. Os tópicos incluem taxas de aceitação de tratamento, resolução de divergências médico-paciente, tratamento de emergências e superação de barreiras na implementação de tratamentos baseados em evidências.\n\n### Overcoming the Rising Costs and Economic Challenges in Dentistry\nApresenta um eBook que aborda os desafios econômicos e a inflação na odontologia. O material explora como a inflação afeta o setor, estratégias para aumentar o fluxo de pacientes com custo mínimo, aumentar as taxas de aceitação de casos, diminuir despesas gerais e atrair/reter equipe qualificada.\n\n### What is the Industry Saying?\nInclui um depoimento do Dr. Robert Walinchus elogiando o PreXion CBCT como a ferramenta de diagnóstico mais valiosa de sua clínica, impactando procedimentos como elevações de seio maxilar, colocação de implantes e enxertos ósseos.\n\n## Experience True Clarity & Precision\nSeção de CTA incentivando os usuários a agendarem uma demonstração do produto.","- [Get Your Ebook](https://www.prexion.com/download-how-your-peers-earn-roi-from-3d-cbct-scan-imaging-technology/)\n- [Get Your Ebook](https://www.prexion.com/download-dental-professionals-insights-on-precision-imaging-excellence/)\n- [Get Your Ebook](https://www.prexion.com/download-be-more-profitable-more-quickly/)\n- [Get Your Ebook](https://www.prexion.com/download-mitigating-practice-liability-exposure-with-precision-treatment-planning-and-diagnoses/)\n- [Get Your Ebook](https://www.prexion.com/download-overcoming-rising-costs-and-economic-challenges-in-dentistry/)\n- [REQUEST A DEMO](https://www.prexion.com/request-a-demo/)\n- Telefone: 855-PREXION\n- Suporte: (650) 212-0314\n- Endereço: 2077 Gateway Place, Suite 120, San Jose, CA 95110",- https://www.prexion.com/author/3vdab/\n- https://www.prexion.com/download-how-your-peers-earn-roi-from-3d-cbct-scan-imaging-technology/\n- https://www.prexion.com/download-dental-professionals-insights-on-precision-imaging-excellence/\n- https://www.prexion.com/download-be-more-profitable-more-quickly/\n- https://www.prexion.com/download-mitigating-practice-liability-exposure-with-precision-treatment-planning-and-diagnoses/\n- https://www.prexion.com/download-overcoming-rising-costs-and-economic-challenges-in-dentistry/\n- https://www.prexion.com/request-a-demo/\n- https://www.prexion.com/prexion-3d-evolve/\n- https://www.prexion.com/prexion-excelsior-endo/\n- https://www.prexion.com/roi-calculator/\n- https://www.prexion.com/remote-support/\n- https://www.prexion.com/product-specialists/\n- https://www.prexion.com/privacy-policy/\n- https://www.prexion.com/accessibility-statement/\n- https://www.prexion.com/,- https://www.linkedin.com/company/prexion-cbct/\n- https://www.facebook.com/PreXionUSA/\n- https://www.instagram.com/prexionusa/\n- https://www.youtube.com/prexioncbct,Nenhum,Nenhum,consolidate,/resources/ebooks/,"Página atua como um hub para eBooks, exigindo preenchimento de formulário nas landing pages de destino (não são links diretos para PDFs). O rodapé aparece duplicado na extração. O conteúdo é relevante para geração de leads e deve ser migrado para uma seção consolidada de recursos/educação no novo site.",
https://www.prexion.com/education-and-support/,https://www.prexion.com/education-and-support/,200,Education & Support,education,high,"# DENTAL EDUCATION & SUPPORT\n\n## An Unmatched Commitment to Dental Education\nPreXion commits to dental education and encourages connecting at upcoming events. \n\n## Support with PreXion products\nPreXion's mission is to deliver excellent customer care and support. Remote support is available for any issues. \n\n## Training Videos\nOffers training videos to make the most out of PreXion product software, including topics like \""The GP’s Guide to Cone Beam Everyday Use\"" with Dr. Tony Tomaro, \""Integrating CBCT into Your Practice\"" with Dr. Lou Graham, and \""How to Capture a 15×13 FOV Image\"".\n\n## Blog Posts\nUpdates on the latest in dentistry, CBCT technology, and events, such as The Art and Science of Dentistry 2026 in Anaheim, CA, AAE Annual Meeting 2026 in Salt Lake City, UT, and Chicago Midwinter.\n\n## Stay on the Cutting Edge of Dentistry\nEncourages subscribing for updates.","- [VIEW ALL EVENTS](https://www.prexion.com/news-2/)\n- [GET REMOTE SUPPORT](https://www.prexion.com/remote-support/)\n- [VIEW ALL TRAINING VIDEOS](https://www.prexion.com/training-videos/)\n- [VIEW ALL BLOG POSTS](https://www.prexion.com/blog/)\n- Subscribe today.\n- Contact Us: 855-PREXION\n- Client Support: (650) 212-0314\n- Address: 2077 Gateway Place, Suite 120, San Jose, CA 95110",- https://www.prexion.com/news-2/\n- https://www.prexion.com/remote-support/\n- https://www.prexion.com/training-videos/\n- https://www.prexion.com/the-art-and-science-of-dentistry-2026-anaheim-ca/\n- https://www.prexion.com/aae-annual-meteting-2026-salt-lake-city-ut/\n- https://www.prexion.com/chicago-mindwinter-dental/\n- https://www.prexion.com/blog/\n- https://www.prexion.com/prexion-3d-evolve/\n- https://www.prexion.com/prexion-excelsior-endo/\n- https://www.prexion.com/roi-calculator/\n- https://www.prexion.com/product-specialists/\n- https://www.prexion.com/privacy-policy/\n- https://www.prexion.com/accessibility-statement/,- https://www.linkedin.com/company/prexion-cbct/\n- https://www.facebook.com/PreXionUSA/\n- https://www.instagram.com/prexionusa/\n- https://www.youtube.com/prexioncbct,Nenhum,Nenhum,preserve-resource,/education-and-support/,"A página contém conteúdo duplicado em sua estrutura, como os blocos \""Need support with your PreXion products?\"" e as listas de blog posts que se repetem. É recomendável revisar a estruturação para remover as duplicações durante a migração. O conteúdo em si é muito útil e deve ser mantido.",
https://www.prexion.com/evolve-2d-pan/,https://www.prexion.com/evolve-2d-pan/,200,PREXION EVOLVE 2D (PAN),product,high,"# PREXION EVOLVE 2D (PAN)\n## 3D Upgradable at Any Time\nApresenta o produto Evolve 2D (PAN) destacando que pode ser atualizado para 3D a qualquer momento.\n\n### PreXion Evolve 2D (PAN)\nDestaca a facilidade de uso e a qualidade de imagem do PreXion Evolve 2D (PAN). Menciona filtros aprimorados, capacidade multislice (41 cortes panorâmicos) e algoritmos de reconstrução para nitidez e contraste. Especifica \""Panoramic\"", \""5 adaptive filters\"" e \""Enhanced Ortho\"".\n\n#### CEPH Arm:\nDescreve a adição do braço Ceph para exames cefalométricos, com sensor especializado para tecidos duros e moles. Menciona mecanismos de colimação e técnicas de escaneamento rápido para minimizar a exposição ao raio-X. Especifica \""Lateral Ceph\"" e \""AP/PA Frontal Ceph\"".\n\n### Discover what a CBCT Scanner can make possible for your practice.\nIncentiva o uso da tecnologia CBCT da PreXion, afirmando que o investimento pode se tornar lucrativo rapidamente. Promove a ferramenta de calculadora de ROI.\n\n### What is the Industry Saying?\nApresenta um depoimento de Lou Graham DDS FAGD, elogiando o treinamento, serviço, qualidade de imagem e software da PreXion após 5 anos de uso de um CBCT da marca.\n\n## Experience True Clarity & Precision\nChamada final para agendar uma demonstração.","- [SCHEDULE A DEMO](https://www.prexion.com/request-a-demo/)\n- [CALCULATE YOUR SAVINGS](https://www.prexion.com/roi-calculator/)\n- [Get Full Specifications with the Product Brochure](https://s.assetway.com.br/jZUpa)\n- Contact Us: [855-PREXION](tel:855PREXION)\n- Client Support: [(650) 212-0314](tel:6502120314)\n- Address: 2077 Gateway Place, Suite 120, San Jose, CA 95110",- https://www.prexion.com/request-a-demo/\n- https://www.prexion.com/roi-calculator/\n- https://www.prexion.com/prexion-3d-evolve/\n- https://www.prexion.com/prexion-excelsior-endo/\n- https://www.prexion.com/remote-support/\n- https://www.prexion.com/product-specialists/\n- https://www.prexion.com/privacy-policy/\n- https://www.prexion.com/accessibility-statement/,- https://www.linkedin.com/company/prexion-cbct/\n- https://www.facebook.com/PreXionUSA/\n- https://www.instagram.com/prexionusa/\n- https://www.youtube.com/prexioncbct,- https://s.assetway.com.br/jZUpa,Nenhum,create,/products/evolve-2d-pan/,"A página apresenta o produto Evolve 2D (PAN), detalhando suas funcionalidades, como a capacidade multislice com 41 cortes panorâmicos e o braço CEPH. O conteúdo principal de descrição do produto está duplicado na página. Há links para o folheto do produto e chamadas para agendar uma demonstração e calcular o ROI. É recomendada a criação de uma página própria para este produto no novo site, consolidando o conteúdo e removendo as duplicações.",
https://www.prexion.com/evolve-scan-intraoral-scanner/,https://www.prexion.com/evolve-scan-intraoral-scanner/,200,EVOLVE SCAN INTRAORAL SCANNER,product,high,"# EVOLVE SCAN INTRAORAL SCANNER\n\n## A High-Tech Scanner with an Ergonomic Design\n\nEvolve Scan is Prexion’s new intraoral scanner, 100% produced in Brazil. Weighing 119g, it scans a complete arch in 59 seconds. It features autoclavable tips (up to 250 cycles), a single detachable USB cable, a heat-free anti-fog system, and artificial intelligence (FLOW AI).\n\n### Welcome to the new era of intraoral scanning\nEagle Scan\n\n## Why Evolve Scan?\n\nComparative Software features:\n- Before / After\n- STL / PLY\n- Quality Map\n- Focus in HD\n- Retention Analysis\n- Occlusion Map\n- Delimitations of preparation terms\n\n### Specifications:\n- SCANNER TYPE: Handheld scanner that creates optic impressions for dental restorations\n- BASE DIMENSIONS: L x W x H: 306 mm x 98 mm x 72 mm\n- SCANNER DIMENSIONS: L x W x H: 256 mm x 43 mm x 43 mm\n- WEIGHT: 119 g\n- CABLE LENGTH: 2 meters\n- SCANNER TIPS: Reusable up to 250 times, autoclavable\n- HEATING ELEMENT: Low-energy, heat-free defogging\n- SENSOR TECHNOLOGY: CMOS\n- COLOR: Yes, 24bits (8bits per channel)\n- SCANNING FREQUENCY: 30 FPS\n- FIELD OF VIEW: 12 mm x 14 mm\n- ILLUMINATION: LED – HIGH POWER\n- ELETRICAL INPUT: 5V DC, 100-240V AC, 50-60Hz\n\n### Software:\n- EVOLVE IOS SOFTWARE LICENSE: Free with Evolve Scan scanner system, no annual fee\n- GENERATED ARCHIVES FORMAT: STL, PLY, OBJ\n- COMPATIBILITY WITH CAD/CAM SYSTEMS: Open files, compatible with all open CAD/CAM systems on the market\n\n### Scanning Process:\n- DENTAL PREPARATION: No need to use spray or powder\n- SCANNING PRINCIPLE: Continuous and accumulative scanning digitalization, with depth and colour data\n- TOOTH-SENSOR DISTANCE: O – 20 mm\n- COMPUTER-SCANNER INTERFACE: USB 3.0 cable\n\n## Experience True Clarity & Precision\nSchedule a demo today.","- [SCHEDULE A DEMO](https://www.prexion.com/request-a-demo/)\n- [FIND A PRODUCT SPECIALIST](https://www.prexion.com/product-specialists/)\n- Telefone: 855-PREXION\n- Suporte ao Cliente: (650) 212-0314\n- Endereço: 2077 Gateway Place, Suite 120, San Jose, CA 95110",- https://www.prexion.com/author/3vdab/\n- https://www.prexion.com/request-a-demo/\n- https://www.prexion.com/evolve-scan-intraoral-scanner/\n- https://www.prexion.com/product-specialists/\n- https://www.prexion.com/prexion-3d-evolve/\n- https://www.prexion.com/prexion-excelsior-endo/\n- https://www.prexion.com/roi-calculator/\n- https://www.prexion.com/remote-support/\n- https://www.prexion.com/privacy-policy/\n- https://www.prexion.com/accessibility-statement/\n- https://www.prexion.com/,- https://www.linkedin.com/company/prexion-cbct/\n- https://www.facebook.com/PreXionUSA/\n- https://www.instagram.com/prexionusa/\n- https://www.youtube.com/prexioncbct,Nenhum,Nenhum,create,/evolve-scan-intraoral-scanner,"Página de produto com informações completas e especificações técnicas sobre o Evolve Scan Intraoral Scanner. Há duplicação de informações no rodapé (links e contatos repetidos). O conteúdo parece atualizado e relevante, sem indícios de obsolescência. O texto cita \""Eagle Scan\"" em um subtítulo, o que pode ser uma inconsistência ou um nome alternativo do produto/software que precisa ser verificado.",
https://www.prexion.com/evolve-x-ray-hand-held-dental-x-rays/,https://www.prexion.com/evolve-x-ray-hand-held-dental-x-rays/,200,Evolve X-Ray: Hand Held Dental X-Rays,product,high,"# EVOLVE X-RAY: HAND HELD DENTAL X-RAY\n\n## One Device. Every Dental X-Ray You Need\nO equipamento Evolve X-Ray é projetado para radiografia intraoral com voltagem nominal de 60kVp, corrente de 2.5 mA e ponto focal de 0.4x0.4mm. O design minimiza vazamento de radiação através de um colimador de material radiopaco.\n\n## Hand Held Dental X-Ray\nRepete informações sobre as especificações do equipamento (60kVp, 2.5 mA, 0.4x0.4mm) e proteção contra radiação.\n\n### Why Portable Dental X-Ray? / Why Hand Held Dental X-Ray?\nDestaca os benefícios do equipamento: portabilidade (maior mobilidade), leveza e design compacto (facilita manuseio) e adaptabilidade (preparado para uso com sensor digital, placa de fósforo e filme radiográfico).\n\n### Discover what a hand held dental x-ray can make possible for your practice.\nReitera as especificações técnicas e o foco na segurança do usuário.\n\n### Welcome to the new era of intraoral\nRessalta a precisão, mobilidade e segurança do produto, mencionando o \""Eagle X-ray\"".\n\n#### Discover what can make possible for your practice.\nPromove a calculadora de ROI da PreXion para comparar renda líquida com despesas de financiamento.\n\n#### Specifications:\nApresenta duas tabelas detalhadas com especificações técnicas do produto, incluindo ângulo alvo (16°), corrente da ampola (2,5 mA), energia máxima armazenada (150 mAs), filtração total (> 2,05 mm Al eq. @ 60kVp), peso (48,5017 lbs), potência máxima de saída (150 W) e tipo de bateria (Rechargeable Li-ion).\n\n### Characterization of an X-ray radiation emitter array\nDisponibiliza um arquivo para download.\n\n## Experience True Clarity & Precision\nIncentiva o agendamento de uma demonstração.","- REQUEST A DEMO (https://www.prexion.com/request-a-demo/)\n- Get Full Specifications with the Product (https://dabiatlante.com.br/en/produtos/eagle-x-ray-portable-dental-x-rays/)\n- FIND A PRODUCT SPECIALIST (https://www.prexion.com/product-specialists/)\n- CALCULATE YOUR SAVINGS (https://www.prexion.com/roi-calculator/)\n- Download Characterization of an X-ray radiation emitter array\n- Telefone: 855-PREXION\n- Suporte ao Cliente: (650) 212-0314\n- Endereço: 2077 Gateway Place, Suite 120, San Jose, CA 95110",- https://www.prexion.com/request-a-demo/\n- https://www.prexion.com/evolve-x-ray-hand-held-dental-x-rays/\n- https://www.prexion.com/product-specialists/\n- https://www.prexion.com/roi-calculator/\n- https://www.prexion.com/prexion-3d-evolve/\n- https://www.prexion.com/prexion-excelsior-endo/\n- https://www.prexion.com/remote-support/\n- https://www.prexion.com/privacy-policy/\n- https://www.prexion.com/accessibility-statement/,- https://dabiatlante.com.br/en/produtos/eagle-x-ray-portable-dental-x-rays/\n- https://www.linkedin.com/company/prexion-cbct/\n- https://www.facebook.com/PreXionUSA/\n- https://www.instagram.com/prexionusa/\n- https://www.youtube.com/prexioncbct,- https://www.prexion.com/wp-content/uploads/2026/02/https___downloads.alliage-global.com_wp-content_uploads_2025_03_77000001845-Portatil-AXR65-S-74.pdf,Nenhum,consolidate,/evolve-x-ray/,"A página contém duplicação de blocos de texto (ex: \""Hand Held Dental X-Ray\"" repete informações do bloco anterior). Há menções ao \""Eagle X-ray\"" que podem ser inconsistentes com o produto \""Evolve X-Ray\"". O footer está duplicado. Recomenda-se consolidar em uma página de produto unificada e corrigir as inconsistências de nomenclatura.",
https://www.prexion.com/explorer-ex-cbct-scanner-complimentary-demo/,https://www.prexion.com/explorer-ex-cbct-scanner-complimentary-demo/,200,Explorer EX CBCT Scanner – Request a Demo (LP),landing-page,high,"# Explorer EX CBCT Scanner – Request a Demo\nLanding page offering a complimentary demo for the Explorer EX CBCT Scanner. Highlights include the lowest price ever for a large FOV CBCT, 4 Fields of View (5x5cm, 10x10cm, 15x10cm, 15x16cm), 0.03mm focal spot, and a 10-Year All Parts, 3-Year Labor Warranty.\n\n## Get a Complimentary Demo\nEncourages scheduling a demo with a specialist to understand the benefits of precise imaging, how to visualize problem areas, and compare CBCT scanners.\n\n## PreXion Explorer EX CBCT Scanner\nHighlights PreXion's 15+ years of experience in 3D X-ray diagnostics. Mentions in-person training, service, maintenance, and an extended warranty covering the entire device, including the lens.\n\n## Why CBCT?\nExplains the superiority of 3D CBCT imaging over 2D X-rays for spatial examination, reduced radiation exposure, and better representation of hard and soft tissues.\n\n## Why a large FOV?\nDetails the benefits of a large 15x16cm FOV, 10-second scan time, and powerful imaging software for oral and maxillofacial surgery and ENT medicine.\n\n## Why PreXion Explorer EX CBCT Scanner?\nDescribes the system's precise 3D imaging, large image detail, and low radiation exposure. Suitable for periodontology, endodontics, implantology, airway/sleep diagnostics, TMD treatment, orthodontics, and maxillofacial surgery. Mentions a networked patient management system.\n\n### Highlights\n- 15x16cm FOV in a single pass in 10 seconds\n- 360-degree gantry rotation\n- 260-1,024 projected views\n- Dedicated 2D (PAN) mode\n- 0.3mm focal spot & 0.07-0.3mm voxel size\n\n### Key Features\n- 0.3×0.3mm focal spot\n- Multiple FOVs (5x5cm to 15x16cm)\n- Low dose, HD, and Endo CT modes (10, 18, 20 seconds)\n- 14-second pano\n\n### Clinical Applications\nImplant placement, endodontics, periodontics, orthodontics, oral-maxillofacial surgery, TMJ treatment, pathology, impacted teeth, DICOM export, airway analysis.\n\n## Software Features\n- Multi-data: Load multiple scans, synchronize pre/post-op.\n- Patient Education: 3D animated video clips.\n- Collaborative Tools: Save reports to MS Word, burn discs, email images.\n- Remote Access: Work from home or satellite office.\n- Thin Client Server: No hardware upgrades needed, doesn't slow bandwidth.\n- Implant Library: Extensive or customizable.\n- Save Scenes: Save case workup.\n- 3D Templates: Over 20 pre-made templates.\n- Slab and Cutting: See inside structures, cut away non-pertinent areas.\n\n## What is the Industry Saying?\nTestimonial from Lou Graham DDS FAGD praising the training, service, image quality, and software interface.","- Request a Demo\n- Get a Complimentary Demo\n- Yes, I want to schedule a demo with a PreXion 3D cone beam specialist\n- CALCULATE YOUR SAVINGS\n- Contact Us: 855-PREXION\n- Client Support: (650) 212-0314",- https://www.prexion.com/roi-calculator/\n- https://www.prexion.com/prexion-3d-evolve/\n- https://www.prexion.com/prexion-excelsior-endo/\n- https://www.prexion.com/remote-support/\n- https://www.prexion.com/product-specialists/\n- https://www.prexion.com/privacy-policy/\n- https://www.prexion.com/accessibility-statement/,"- https://www.fda.gov/radiation-emitting-products/medical-x-ray-imaging/dental-cone-beam-computed-tomography#:~:text=Cone%2Dbeam%20computed%20tomography%20systems,%2Dshaped%20X%2Dray%20beam.\n- https://youtu.be/ekmUCulM9SU\n- https://youtu.be/xJDO3jND690\n- https://www.linkedin.com/company/prexion-cbct/\n- https://www.facebook.com/PreXionUSA/\n- https://www.instagram.com/prexionusa/\n- https://www.youtube.com/prexioncbct",- https://www.prexion.com/wp-content/uploads/2024/02/PRE-Explorer-EX-ProductBrochure-SinglePages-NoCeph.pdf,Nenhum,consolidate,/products/explorer-ex,"A página apresenta duplicação de conteúdo evidente no texto extraído, onde blocos inteiros (\""Why CBCT?\"", \""Why a large FOV?\"", \""Why PreXion Explorer EX CBCT Scanner?\"") se repetem. É uma landing page focada em agendar demonstrações para o produto Explorer EX. Recomenda-se consolidar o conteúdo relevante na página principal do produto no novo site, removendo as duplicações e mantendo os CTAs e downloads.",
https://www.prexion.com/explorer-ex-cbct-scanner-free-download/,https://www.prexion.com/explorer-ex-cbct-scanner-free-download/,200,Explorer EX CBCT Scanner – Download Brochure (LP),landing-page,high,"# Explorer EX CBCT Scanner – Download Brochure (LP)\nPágina para download da brochura do scanner Explorer EX CBCT. Destaca o preço baixo para um CBCT de grande FOV, 4 campos de visão (5x5cm a 15x16cm), ponto focal de 0.03mm e garantia de 10 anos para peças e 3 anos para mão de obra.\n\n## Get the Full Specifications with The Product Brochure\nInstrução para preencher o formulário abaixo e baixar a brochura.\n\n### PreXion Explorer EX CBCT Scanner\nApresenta a PreXion como especialista em diagnóstico por raio-X 3D com mais de 15 anos de experiência. Menciona treinamento presencial, serviço, manutenção e garantia estendida completa.\n\n### Why CBCT?\nExplica as vantagens da imagem 3D CBCT sobre o equipamento de raio-X 2D convencional, destacando a capacidade de examinar condições orais espacialmente e a redução do tempo de exposição à radiação.\n\n### Why a large FOV?\nDestaca o grande campo de visão (15 x 16cm) que permite exibir estruturas anatômicas do crânio em detalhes. O scan leva apenas 10 segundos. Menciona o software de imagem poderoso para medir áreas relevantes.\n\n### Why PreXion Explorer EX CBCT Scanner?\nRessalta a combinação de imagem 3D precisa, grandes detalhes, baixa radiação, diagnósticos confiáveis e planejamento digital para várias indicações na odontologia (periodontia, endodontia, implantologia, etc.). O sistema de gestão de pacientes facilita a comunicação em rede.\n\n#### Highlights:\nLista de destaques: captura de FOV 15x16cm em passe único em 10 segundos, rotação de gantry de 360 graus, modo 2D dedicado, ponto focal de 0.3mm e tamanho de voxel de 0.07-0.3mm.\n\n#### Key Features:\nPrincipais características: ponto focal de 0.3x0.3mm, múltiplos FOVs, modos de dose baixa, HD e Endo com tempos de scan de 10, 18 e 20 segundos, e panorâmica de 14 segundos.\n\n#### Clinical Applications:\nAplicações clínicas: cirurgia de implante, endodontia, periodontia, ortodontia, cirurgia oral-maxilofacial, tratamento de ATM, patologia, exportação DICOM e análise de vias aéreas.\n\n#### Software Features\nApresenta as funcionalidades do software:\n- **Multi-data:** Carregar múltiplos scans na mesma tela.\n- **Patient Education and Presentation:** Clipes de vídeo 3D animados.\n- **Collaborative Tools:** Relatórios 3D salvos em MS Word e compartilhamento.\n- **Remote Access:** Acesso remoto sem atrasos.\n- **Thin Client Server:** Sem necessidade de upgrade de hardware.\n- **Implant Library:** Biblioteca de implantes.\n- **Save Scenes:** Salvar cenas de trabalho.\n- **3D Templates:** Mais de 20 templates de renderização 3D.\n- **Slab and Cutting:** Cortar estruturas para ver o interior.\n\n### What is the Industry Saying?\nDepoimento de Lou Graham DDS FAGD elogiando o equipamento, treinamento e serviço da PreXion.","- Preencher formulário para baixar brochura (não exibido no texto extraído, mas mencionado: \""Please fill out the form below to download the Explorer EX CBCT Scanner product brochure.\"")\n- Contact Us: [855-PREXION](tel:855PREXION)\n- Client Support: [(650) 212-0314](tel:6502120314)\n- 2077 Gateway Place, Suite 120, San Jose, CA 95110",- https://www.prexion.com/author/3vdab/\n- https://www.prexion.com/roi-calculator/\n- https://www.prexion.com/prexion-3d-evolve/\n- https://www.prexion.com/prexion-excelsior-endo/\n- https://www.prexion.com/remote-support/\n- https://www.prexion.com/product-specialists/\n- https://www.prexion.com/privacy-policy/\n- https://www.prexion.com/accessibility-statement/\n- https://www.prexion.com/,"- https://www.fda.gov/radiation-emitting-products/medical-x-ray-imaging/dental-cone-beam-computed-tomography#:~:text=Cone%2Dbeam%20computed%20tomography%20systems,%2Dshaped%20X%2Dray%20beam.\n- https://youtu.be/ekmUCulM9SU\n- https://youtu.be/xJDO3jND690\n- https://www.linkedin.com/company/prexion-cbct/\n- https://www.facebook.com/PreXionUSA/\n- https://www.instagram.com/prexionusa/\n- https://www.youtube.com/prexioncbct",Nenhum,Nenhum,consolidate,/products/explorer-ex,"Página do tipo Landing Page (LP) para download de brochura do produto Explorer EX CBCT Scanner. O conteúdo apresenta muita duplicação de texto (ex: os blocos \""PreXion Explorer EX CBCT Scanner\"", \""Why CBCT?\"", \""Why a large FOV?\"" e \""Why PreXion Explorer EX CBCT Scanner?\"" aparecem duas vezes). O formulário de download não foi capturado na extração. Recomenda-se consolidar este conteúdo na página principal do produto no novo site, mantendo a oferta da brochura.",
https://www.prexion.com/explorer-pro-2/,https://www.prexion.com/explorer-pro-2/,200,PreXion 3D Explorer (LP),landing-page,high,"## Update Your Technology in 2023 with the PreXion3D Explorer PRO\nThe world's first 3D CBCT with integrated ceph X-ray designed for dental excellence.\n\n### Why choose the PreXion3D Explorer PRO?\nThe system offers precise 3D imaging, large image detail, lowest radiation exposure, and reliable diagnostics for various dental indications. Features a patient management system for secure communication.\n\n#### Key Features\n- Built-in ceph arm frees over 2 feet of space\n- 0.3x0.3mm focal spot (industry's smallest)\n- Multiple FOVs from 5x5 to 15x16\n- Low dose, HD and endo CT modes (scan times 20s or lower)\n- 14-second pano and 16-second ceph scan times\n\n#### Clinical Applications\n- Implant placement surgery, Endodontics, Periodontics, Orthodontics, Oral-maxillofacial surgery, TMJ treatment, Pathology, Airway analysis, etc.\n\n### Field of View\nProvides 360˚ panoramic perspective. FOVs include 5x5cm, 10x10cm, 15x10cm, and 15x16cm (single pass). Features \""True\"" and \""Reconstructed\"" panorama modes.\n\n### Focal Spot\nIndustry's smallest focal spot at 0.3mm for all FOVs. Voxel sizes range from 0.07mm to 0.3mm for ultra-HD image quality.\n\n### What is the Industry Saying?\nTestimonial from Lou Graham DDS FAGD praising the training, service, image quality, and software interface of PreXion CBCT.\n\n### Request a Free Demo\nForm to arrange a free demo (mentions PreXion3D Excelsior).","- Request a Free Demo (Form/Button)\n- Contact Us: [855-PREXION](tel:855PREXION)\n- Client Support: [(650) 212-0314](tel:6502120314)\n- Address: 2077 Gateway Place, Suite 120, San Jose, CA 95110",- https://www.prexion.com/author/3vdab/\n- https://www.prexion.com/prexion-3d-evolve/\n- https://www.prexion.com/prexion-excelsior-endo/\n- https://www.prexion.com/roi-calculator/\n- https://www.prexion.com/remote-support/\n- https://www.prexion.com/product-specialists/\n- https://www.prexion.com/privacy-policy/\n- https://www.prexion.com/accessibility-statement/\n- https://www.prexion.com/,- https://www.linkedin.com/company/prexion-cbct/\n- https://www.facebook.com/PreXionUSA/\n- https://www.instagram.com/prexionusa/\n- https://www.youtube.com/prexioncbct,Nenhum,Nenhum,consolidate,/products/explorer-pro,"Landing page de campanha para o produto PreXion3D Explorer PRO com título de 2023. O texto da página menciona \""PreXion3D Excelsior\"" no final, indicando uma possível inconsistência de cópia e cola. O produto em si é altamente relevante, mas a página como landing page datada de 2023 deve ser consolidada na página principal do produto.",
https://www.prexion.com/imaging-products/,https://www.prexion.com/imaging-products/,200,Imaging Products,product,high,"# DENTAL IMAGING TECHNOLOGIES\n\n## CBCT Precision at a Price Point for Every Practice\n\n### PreXion Evolve 2D (PAN)\nApresenta o equipamento Evolve 2D (PAN), destacando a facilidade de uso, qualidade de imagem, filtros aprimorados e capacidade multislice (41 cortes panorâmicos) para visualização precisa de estruturas.\n\n### PreXion Evolve 3D (SFOV) CBCT, PAN and CEPH\nApresenta o modelo Evolve CBCT, PAN e CEPH, focado em alta demanda e solução completa em um único produto. Disponível em 3D ou 2D atualizável.\n\n### PreXion Excelsior MID (MFOV)\nMenciona que o scanner Excelsior Mid é a evolução do produto original, projetado para dentistas que exigem alta clareza diagnóstica e detalhes.\n\n### PreXion Excelsior MAX (LFOV)\nDescreve o scanner Excelsior Max como a evolução do produto original da marca, também voltado para alta clareza diagnóstica e detalhes.\n\n### PreXion Excelsior ENDO\nApresenta o tomógrafo de alta resolução para visualização de anatomia e patologia além dos padrões CBCT tradicionais. Destaca o uso de um detector de painel plano (FPD) exclusivo com ponto focal de 0,2 mm, o menor da indústria.\n\n### PreXion Evolve Intraoral Scanner\nDescreve o novo scanner intraoral Evolve Scan, focando em leveza, precisão e fluidez para melhorar o fluxo de trabalho nas clínicas, permitindo apresentação visual do plano de tratamento.\n\n### PreXion Evolve Intraoral Sensor\nApresenta o sensor digital intraoral Evolve, destacando imagens de alta definição para diagnósticos precisos e seguros, além de conectividade perfeita para otimizar o fluxo de trabalho radiográfico.\n\n### PreXion Hand Held Dental X-Ray\nDescreve o equipamento de raio-X portátil Evolve X-Ray para radiografia intraoral. Especificações: 60kVp, corrente do tubo de 2,5 mA e ponto focal de 0,4x0,4mm. Possui colimador de material radiopaco para minimizar vazamento de radiação.\n\n### Discover what CBCT can make possible for your practice.\nIncentiva o investimento em tecnologia CBCT da PreXion, mencionando que pode ser lucrativo rapidamente. Apresenta uma ferramenta de calculadora de ROI.\n\n### What Sets Us Apart?\n- **Top-Quality 3D Imaging:** Destaca a clareza e precisão da imagem 3D com baixos níveis de radiação.\n- **Unmatched Commitment to Education:** Menciona cursos práticos oferecidos por líderes de opinião (KOLs) e vídeos educacionais online.\n- **Excellent Service:** Enfatiza o compromisso com o suporte ao cliente e atendimento de excelência.\n\n### What is the Industry Saying?\nApresenta um depoimento do Dr. Robert Walinchus sobre a utilidade do PreXion CBCT para diagnósticos, planejamento e tratamentos como elevação de seio maxilar, implantes e extrações.\n\n## Experience True Clarity & Precision\nIncentiva o agendamento de uma demonstração.","- [EXPLORE ALL PRODUCT FEATURES (Evolve 2D PAN)](https://www.prexion.com/evolve-2d-pan/)\n- [EXPLORE ALL PRODUCT FEATURES (Evolve 3D)](https://www.prexion.com/prexion-3d-evolve/)\n- [EXPLORE ALL PRODUCT FEATURES (Excelsior MID)](https://www.prexion.com/prexion-excelsior-mid/)\n- [EXPLORE ALL PRODUCT FEATURES (Excelsior MAX)](https://www.prexion.com/prexion-excelsior-max-lfov/)\n- [EXPLORE ALL PRODUCT FEATURES (Excelsior ENDO)](https://www.prexion.com/prexion-excelsior-endo/)\n- [EXPLORE ALL PRODUCT FEATURES (Evolve Intraoral Scanner)](https://www.prexion.com/evolve-scan-intraoral-scanner/)\n- [EXPLORE ALL PRODUCT FEATURES (Evolve Intraoral Sensor)](https://www.prexion.com/prexion-3d-intraoral-sensor/)\n- [EXPLORE ALL PRODUCT FEATURES (Hand Held Dental X-Ray)](https://www.prexion.com/evolve-x-ray-hand-held-dental-x-rays/)\n- [CALCULATE YOUR SAVINGS](https://www.prexion.com/roi-calculator/)\n- [LEARN MORE ABOUT US](https://www.prexion.com/why-prexion/)\n- [REQUEST A DEMO](https://www.prexion.com/request-a-demo/)\n- Contact Us: [855-PREXION](tel:855PREXION)\n- Client Support: [(650) 212-0314](tel:6502120314)\n- Address: 2077 Gateway Place, Suite 120, San Jose, CA 95110",- https://www.prexion.com/evolve-2d-pan/\n- https://www.prexion.com/prexion-3d-evolve/\n- https://www.prexion.com/prexion-excelsior-mid/\n- https://www.prexion.com/prexion-excelsior-max-lfov/\n- https://www.prexion.com/prexion-excelsior-endo/\n- https://www.prexion.com/evolve-scan-intraoral-scanner/\n- https://www.prexion.com/prexion-3d-intraoral-sensor/\n- https://www.prexion.com/evolve-x-ray-hand-held-dental-x-rays/\n- https://www.prexion.com/roi-calculator/\n- https://www.prexion.com/why-prexion/\n- https://www.prexion.com/\n- https://www.prexion.com/request-a-demo/\n- https://www.prexion.com/remote-support/\n- https://www.prexion.com/product-specialists/\n- https://www.prexion.com/privacy-policy/\n- https://www.prexion.com/accessibility-statement/,- https://www.linkedin.com/company/prexion-cbct/\n- https://www.facebook.com/PreXionUSA/\n- https://www.instagram.com/prexionusa/\n- https://www.youtube.com/prexioncbct,Nenhum,Nenhum,create,/imaging-products/,"Página principal de listagem de produtos (\""Imaging Products\""). Apresenta o portfólio atual da PreXion. Não há conteúdo obsoleto, mas o footer aparece duplicado no conteúdo extraído. Deve ser recriada como a página principal de produtos no novo site.",
https://www.prexion.com/leading-imaging-solutions/,https://www.prexion.com/leading-imaging-solutions/,200,Leading Imaging Solutions (LP),landing-page,medium,"### Leading 3D Cone Beam CT Imaging Solutions\nPreXion is committed to your success by focusing on low dose and advanced imaging technologies for accurate diagnoses and treatment.\n\n### Why choose a PreXion3D CBCT Scanner?\nPreXion delivers clarity and precision at every customer touchpoint, from product research and 3D imaging solutions to education and support. Highlights include over 15 years of experience, clearest diagnostic CBCT images, smallest focal spot (0.3mm), fast remote access, and comprehensive warranty.\n\n### Clinical Applications\nLists applications such as implant placement surgery, endodontics, periodontics, orthodontics, oral-maxillofacial surgery, TMJ treatment, pathology, DICOM export, integration, and airway analysis. Mentions PreXion3D Explorer PRO and PreXion3D Excelsior.\n\n### What Sets Us Apart?\nFocuses on Top-Quality 3D Imaging (clearest, most precise image at low radiation levels), Unmatched Commitment to Education (hands-on courses and online videos), and Excellent Service (passionate customer care and support).\n\n### What is the Industry Saying?\nTestimonial from LOU GRAHAM DDS FAGD, USA, praising the training, service, great images, and easy software interface of PreXion over 5 years.\n\n### Request a Free Demo\nForm section encouraging users to fill out their details to arrange a free demo of the PreXion3D Excelsior. Includes contact information and address.","- Request a Demo (botões e formulário)\n- Telefone Contact Us: 855-PREXION\n- Telefone Client Support: (650) 212-0314\n- Endereço: 2077 Gateway Place, Suite 120, San Jose, CA 95110",- https://www.prexion.com/author/3vdab/\n- https://www.prexion.com/prexion-3d-evolve/\n- https://www.prexion.com/prexion-excelsior-endo/\n- https://www.prexion.com/roi-calculator/\n- https://www.prexion.com/remote-support/\n- https://www.prexion.com/product-specialists/\n- https://www.prexion.com/privacy-policy/\n- https://www.prexion.com/accessibility-statement/\n- https://www.prexion.com/,- https://www.linkedin.com/company/prexion-cbct/\n- https://www.facebook.com/PreXionUSA/\n- https://www.instagram.com/prexionusa/\n- https://www.youtube.com/prexioncbct,Nenhum,"- PreXion Logo (URL não explícita na extração, associada a https://www.prexion.com/)",redirect,/landing/leading-imaging-solutions,"A página é uma landing page focada em conversão (Request a Demo) e na apresentação geral das soluções 3D Cone Beam CT (Explorer PRO e Excelsior). Há blocos de conteúdo duplicados (ex: \""Leading 3D Cone Beam CT Imaging Solutions\"" e \""What is the Industry Saying?\""). A página deve ser migrada ou redirecionada para a nova landing page correspondente no novo site. O rodapé também apresenta duplicação de links de navegação.",
https://www.prexion.com/news-2/,https://www.prexion.com/news-2/,200,News,article,medium,"# NEWS\n\n## Stay up to date on the latest in dentistry, CBCT technology and more.\n\nThis section lists recent news articles and events related to PreXion:\n- **The Art and Science of Dentistry 2026 – Anaheim – CA**: PreXion participated in the California Dental Association event in May 2026.\n- **AAE Annual Meteting 2026 – Salt Lake City – UT**: PreXion attended the American Association of Endodontists annual meeting in April 2026.\n- **Chicago Mindwinter**: PreXion participated in the Chicago Dental Society Mindwinter Meeting in February 2026.\n- **AEEDC Dubai 2026**: PreXion attended the AEEDC DUBAI event in January 2026.\n- **Saudi International Dental Conference (SIDC)**: Alliage participated in the SIDC in Riyadh in June 2024.\n\n## Stay on the Cutting Edge of Dentistry.\n\nEncourages visitors to subscribe for updates.","- Subscribe today.\n- Contact Us: [855-PREXION](tel:855PREXION)\n- Client Support: [(650) 212-0314](tel:6502120314)\n- Address: 2077 Gateway Place, Suite 120, San Jose, CA 95110",- https://www.prexion.com/the-art-and-science-of-dentistry-2026-anaheim-ca/\n- https://www.prexion.com/aae-annual-meteting-2026-salt-lake-city-ut/\n- https://www.prexion.com/chicago-mindwinter-dental/\n- https://www.prexion.com/aeedc-dubai-event/\n- https://www.prexion.com/saudi-international-dental-conference/\n- https://www.prexion.com/prexion-3d-evolve/\n- https://www.prexion.com/prexion-excelsior-endo/\n- https://www.prexion.com/roi-calculator/\n- https://www.prexion.com/remote-support/\n- https://www.prexion.com/product-specialists/\n- https://www.prexion.com/privacy-policy/\n- https://www.prexion.com/accessibility-statement/,- https://www.linkedin.com/company/prexion-cbct/\n- https://www.facebook.com/PreXionUSA/\n- https://www.instagram.com/prexionusa/\n- https://www.youtube.com/prexioncbct,Nenhum,- [The Art and Science of Dentistry 2026 – Anaheim – CA](https://www.prexion.com/wp-content/uploads/2026/05/14-16-May-Arts-and-Science-California-e1779395147102.jpeg)\n- [AAE Annual Meteting 2026 – Salt Lake City – UT](https://www.prexion.com/wp-content/uploads/2026/04/FOTO_AEE_ABRIL_26-11.jpg)\n- [Chicago Mindwinter](https://www.prexion.com/wp-content/uploads/2026/03/chicago-22.jpg)\n- [AEEDC Dubai 2026](https://www.prexion.com/wp-content/uploads/2026/03/chicago-conference.jpg)\n- [Saudi International Dental Conference (SIDC)](https://www.prexion.com/wp-content/uploads/2026/03/Saudi-International-Dental-Conference-SIDC.png),redirect,/news/,"A página \""news-2\"" parece ser um arquivo ou categoria de notícias/blog. Recomenda-se consolidar ou redirecionar para a página principal de notícias/blog do novo site, evitando a URL \""news-2\"". O footer apresenta informações duplicadas.",
https://www.prexion.com/prexion-3d-evolve/,https://www.prexion.com/prexion-3d-evolve/,200,PREXION EVOLVE 3D (SFOV) SCANNER,product,high,"# PREXION EVOLVE 3D (SFOV) SCANNER\n\n## A Complete 3D Dental Imaging Solution in a Single Product\nApresenta o scanner PreXion3D Evolve CBCT, PAN e CEPH. Destaca a tecnologia inovadora e algoritmos, disponível em 3D ou 2D atualizável, oferecendo uma solução completa em um único produto.\n\n## Why Evolve CBCT, PAN and CEPH?\nDestaca a facilidade de uso e qualidade de imagem do PreXion 2D Evolve em comparação à concorrência. Menciona filtros aprimorados, capacidade multislice (41 fatias panorâmicas) e algoritmos de reconstrução que garantem nitidez e contraste excepcionais.\n\n### CEPH Arm\nA adição do braço CEPH aumenta o potencial diagnóstico para exames cefalométricos, criando imagens de alta qualidade de tecidos duros e moles, com mecanismos de colimação e varredura rápida para minimizar a exposição ao raio-X.\n\n### Possible Configurations\n- PAN + CBCT (SFOV)\n- PAN + CBCT + CEPH (SFOV)\n\n## Discover what a CBCT Scanner can make possible for your practice\nConvida os profissionais a usarem a ferramenta de cálculo de ROI para comparar a receita líquida de um investimento PreXion com as despesas de financiamento.\n\n## Field of View\nEspecificações dos campos de visão: 5x5cm, 9x6cm, 9x9cm.\n\n## 3D Algorithms: Enhancing Your Work-Flow Efficiency and Diagnostic Accuracy\n### UHD Mode for Endodontics\nResolução com Voxel Isotrópico de 75μm a 250μm.\n\n### Patient Motion Correction (PMC)\nAlgoritmo que corrige automaticamente imperfeições de imagem causadas por micromovimentos do paciente.\n\n### Metal Artifact Reduction (MAR)\nTrês níveis de processamento para corrigir deformidades de guta-percha, implantes, próteses e restaurações metálicas, permitindo reprocessamento de imagem.\n\n## 2D Algorithms\n### PreXion Evolve Smart Contrast\nAlgoritmo que trata e melhora o contraste de cada área individualmente, resultando em imagens homogêneas e sem ruído.\n\n### PreXion Evolve\nFunção que entrega imagem final com maior detalhe e definição, especialmente em incisivos, caninos, ATM e canais radiculares.\n\n### Combination of Algorithms\nA combinação permite a reconstrução de uma imagem panorâmica otimizada.\n\n## What is the Industry Saying?\nDepoimento de Lou Graham DDS FAGD elogiando a qualidade do treinamento, serviço, imagens e interface do software.","- [SCHEDULE A DEMO](https://www.prexion.com/request-a-demo/)\n- [CALCULATE YOUR SAVINGS](https://www.prexion.com/roi-calculator/)\n- Telefone: 855-PREXION\n- Suporte: (650) 212-0314\n- Endereço: 2077 Gateway Place, Suite 120, San Jose, CA 95110",- https://www.prexion.com/author/3vdab/\n- https://www.prexion.com/request-a-demo/\n- https://www.prexion.com/evolve-2d-pan/\n- https://www.prexion.com/roi-calculator/\n- https://www.prexion.com/prexion-excelsior-endo/\n- https://www.prexion.com/remote-support/\n- https://www.prexion.com/product-specialists/\n- https://www.prexion.com/privacy-policy/\n- https://www.prexion.com/accessibility-statement/,- https://s.assetway.com.br/jZUpa\n- https://www.linkedin.com/company/prexion-cbct/\n- https://www.facebook.com/PreXionUSA/\n- https://www.instagram.com/prexionusa/\n- https://www.youtube.com/prexioncbct,- https://www.prexion.com/wp-content/uploads/2023/10/PreXion-Evolve-CBCT-Brochure.pdf\n- https://s.assetway.com.br/jZUpa,Nenhum,create,/prexion-3d-evolve/,"Página de produto ativa com relevância alta. Foram notadas duplicações no texto (\""Why Evolve CBCT, PAN and CEPH?\"" aparece duas vezes, assim como \""Discover what a CBCT Scanner can make possible for your practice.\"" e \""What is the Industry Saying?\""). O link para o folheto do produto aponta para a própria PreXion e também para um serviço externo (assetway). O rodapé aparece duplicado na extração de texto.",
https://www.prexion.com/prexion-3d-excelsior-cbct-scanner/,https://www.prexion.com/prexion-3d-excelsior-cbct-scanner/,200,Excelsior CBCT Scanner,product,high,"# EXCELSIOR CBCT SCANNER\n\n## Experience the CBCT Designed for the Highest Diagnostic Clarity and Detail\n\n### The PreXion3D Excelsior\nO PreXion3D Excelsior CBCT Scanner é a evolução do CBCT original projetado para dentistas que exigem alta clareza de diagnóstico e detalhes. É compatível com guias cirúrgicos de implantes de terceiros compatíveis com DICOM e programas de software de fusão CAD/DICOM. Ideal para implantodontia, endodontia e diagnósticos de rotina. (Há duplicação deste texto na página original).\n\n### Why the PreXion3D Excelsior CBCT Scanner?\nOs componentes do sistema permitem uma combinação de imagem 3D CBCT precisa, grandes detalhes de imagem, menor exposição à radiação e planejamento digital. O sistema de gerenciamento de pacientes utiliza tecnologia de servidor thin client, eliminando a necessidade de atualizações caras de hardware de computador ou placa de vídeo.\n\n#### Highlights:\n- Rotação precisa do gantry de 360 graus\n- 260-1.024 visualizações projetadas\n- Opção dedicada de modo pan 2D\n- Ponto focal de 0,3 mm e voxel de 0,08-0,2 mm\n- Aumenta a aceitação do caso por meio de educação aprimorada\n- Aumenta a receita com menos pacientes\n\n#### Clinical Applications:\n- Cirurgia de colocação de implantes, Endodontia, Periodontia, Cirurgia bucomaxilofacial, ATM, Patologia, Dentes impactados e supranumerários, Exportação DICOM para guias cirúrgicos e integração CAD/CAM, Análise de vias aéreas.\n\n### Discover what CBCT can make possible for your practice.\nApresenta uma ferramenta de calculadora de ROI para comparar a renda líquida de um investimento PreXion com as despesas líquidas.\n\n### Software Features\n- **Multi-data:** Carrega várias varreduras de pacientes em uma única tela para comparar pré e pós-operatório.\n- **Patient Education and Presentation:** Captura de clipes de vídeo animados em 3D.\n- **Collaborative Tools:** Salva relatórios de imagens 3D em modelos do MS Word e permite colaboração.\n- **Remote Access:** Permite trabalho remoto sem atrasos de conectividade.\n- **Thin Client Server:** Não requer atualizações de hardware nem diminui a largura de banda da rede.\n- **Implant Library:** Biblioteca extensa ou personalizável.\n- **Save Scenes:** Salva o trabalho do caso como uma cena.\n- **3D Templates:** Mais de 20 modelos de renderização de volume 3D pré-fabricados.\n- **Slab and Cutting:** Permite ver dentro das estruturas e cortar áreas.\n\n### Scan Mode:\n- Standard Mode: 9.6 seconds\n- Rapid Mode (Lower Dose): 5.2 seconds\n- High-Definition Mode (HD): 12.8 seconds\n- Ultra-High-Definition Mode (UHD- Endo): 17.9 seconds; 23.6 seconds\n- Wide Mode: 9.6 seconds\n- CT-TMJ Mode: 5.2 seconds x 2\n- CAD CAM Mode: 17.9 seconds\n- Panoramic Standard Mode: 10 seconds\n\n### Specifications:\n- **Device Type:** CBCT+2D Panoramic + Cephalometric (Optional)\n- **Field of View (DxH):** 150mm X 80mm; 100mm X 80mm; 100mm x 50mm; 50mm x 50mm; 150mm x 130mm (Optional)\n- **CBCT Sensor:** CsI FPD 16 bits, Cephalo FPD 14bits\n- **X-ray Tube Voltage:** 60–110kV\n- **Focal Spot:** 0.3mm x 0.3mm\n- **Voxel Size:** 0.08–0.2mm\n- **Patient Position:** Standing; wheelchair accessible\n- **Included Computers:** Single Console & Viewer Computer (Network Client is available)\n\n### What is the Industry Saying?\nDepoimento de Edward S. Katz, DDS, destacando a alta qualidade das imagens semelhante a uma tomografia computadorizada médica, mas com muito menos radiação.","- [Get Full Specifications with the Product Brochure](https://www.prexion.com/wp-content/uploads/2023/09/PreXion-Excelsior-ProductBrochure-2023.pdf)\n- [CALCULATE YOUR SAVINGS](https://www.prexion.com/roi-calculator/)\n- [REQUEST A DEMO](https://www.prexion.com/request-a-demo/)\n- Contact Us: 855-PREXION\n- Client Support: (650) 212-0314\n- Address: 2077 Gateway Place, Suite 120, San Jose, CA 95110",- https://www.prexion.com/author/3vdab/\n- https://www.prexion.com/prexion-3d-excelsior-cbct-scanner/\n- https://www.prexion.com/\n- https://www.prexion.com/roi-calculator/\n- https://www.prexion.com/request-a-demo/\n- https://www.prexion.com/prexion-3d-evolve/\n- https://www.prexion.com/prexion-excelsior-endo/\n- https://www.prexion.com/remote-support/\n- https://www.prexion.com/product-specialists/\n- https://www.prexion.com/privacy-policy/\n- https://www.prexion.com/accessibility-statement/,- https://www.ncbi.nlm.nih.gov/pmc/articles/PMC4598380/\n- https://www.linkedin.com/company/prexion-cbct/\n- https://www.facebook.com/PreXionUSA/\n- https://www.instagram.com/prexionusa/\n- https://www.youtube.com/prexioncbct,- https://www.prexion.com/wp-content/uploads/2023/09/PreXion-Excelsior-ProductBrochure-2023.pdf,Nenhum,create,/products/excelsior-cbct-scanner,"Página de produto altamente relevante com duplicação de texto no início (repetição de parágrafos sobre a evolução do CBCT e o patient management system). Requer limpeza de texto duplicado durante a migração. O conteúdo técnico (tabelas de Scan Mode e Specifications) está claro e bem formatado, essencial para a nova página.",
https://www.prexion.com/prexion-3d-excelsior/,https://www.prexion.com/prexion-3d-excelsior/,200,PreXion 3D Excelsior (LP),landing-page,high,"## Update Your Technology in 2023 with the PreXion3D Excelsior\nThe PreXion3D Excelsior CBCT scanner is described as the evolution of their original flagship product, designed for dentists requiring high diagnostic clarity and detail.\n\n## Why choose the PreXion3D Excelsior?\nThe system offers precise 3D imaging, large image detail, low radiation exposure, reliable diagnostics, and digital planning for various dental indications (periodontology, endodontics, implantology, orthodontics, maxillofacial surgery). Its patient management system enables secure communication across multiple rooms and easy integration into existing infrastructure.\n\n### Software Features\n- **Multi-data:** Load multiple patient scans on a single screen, synchronize pre- and post-operative scans, and detect differences slice-by-slice.\n- **Patient Education and Presentation:** Capture 3D animated video clips for patient education, case acceptance, and presentations.\n- **Collaborative Tools:** Save 3D image reports to MS Word templates, attach to records, burn patient discs with sample viewers, and email images.\n- **Remote Access:** Work remotely from home or satellite offices and lead virtual online treatment planning meetings.\n- **Thin Client Server:** Does not require computer hardware upgrades or slow down network bandwidth.\n- **Implant Library:** Use an extensive library or customize.\n- **Save Scenes:** Save case workups as scenes or create multiple scenes from a single scan.\n- **3D Templates:** Over 20 pre-made 3D volume rendering templates or customize your own.\n- **Slab and Cutting:** View inside structures while rotating the 3D image and cut away structures to see pertinent details.\n\n### Highlights\n- 16 years of experience\n- Clearest images\n- Clinical advisory board\n- Distributing partners\n- Customer support\n\n## Field of View\n*Note: The text mentions \""PreXion3D Explorer PRO\"" here, providing a 360˚ panoramic perspective from 523 to 1,024 projected views.*\nFeatures 3D analysis for image detail sizes of 5x5cm, 10x10cm, 15x10cm, and 15x16cm. Also features \""True\"" and \""Reconstructed\"" panorama modes.\nListed image sizes: 5x5cm, 10x5cm, 10x8cm, 15x8cm, 15x13cm.\n\n## What is the Industry Saying?\nTestimonial from Dr. Richard Newhart, Periodontist, highlighting the PreXion specifications, low radiation, state-of-the-art imaging, and the training provided for diagnosing periodontal disease and treatment planning for implants.\n\n## Request a Free Demo\nForm to arrange a free demo of the PreXion3D Excelsior. Fields include Name, Email, Phone, and ZIP Code.","- REQUEST A DEMO\n- Request a Free Demo (Formulário)\n- Telefone: 855-PREXION\n- Suporte ao Cliente: (650) 212-0314\n- Endereço: 2077 Gateway Place, Suite 120, San Jose, CA 95110",- https://www.prexion.com/author/3vdab/\n- https://www.prexion.com/prexion-3d-evolve/\n- https://www.prexion.com/prexion-excelsior-endo/\n- https://www.prexion.com/roi-calculator/\n- https://www.prexion.com/remote-support/\n- https://www.prexion.com/product-specialists/\n- https://www.prexion.com/privacy-policy/\n- https://www.prexion.com/accessibility-statement/\n- https://www.prexion.com/,- https://www.linkedin.com/company/prexion-cbct/\n- https://www.facebook.com/PreXionUSA/\n- https://www.instagram.com/prexionusa/\n- https://www.youtube.com/prexioncbct,Nenhum,Nenhum,consolidate,/products/cbct-scanners/excelsior,"A página é uma landing page de campanha (LP) focada no PreXion3D Excelsior, promovendo a atualização de tecnologia para 2023. O conteúdo parece focado em uma campanha específica e menciona o ano de 2023, o que pode estar obsoleto. Há um erro notável no texto da seção \""Field of View\"", onde o produto \""PreXion3D Explorer PRO\"" é mencionado em vez do Excelsior, descrevendo campos de visão (5x5, 10x10, etc.) que podem não pertencer ao produto principal desta página. Recomenda-se consolidar o conteúdo relevante na página principal do produto Excelsior, caso exista, e corrigir as especificações. O rodapé e alguns cabeçalhos estão duplicados na extração.",
https://www.prexion.com/prexion-3d-expedition/,https://www.prexion.com/prexion-3d-expedition/,200,PreXion Expedition CBCT Scanner,product,high,"# PREXION EXPEDITION CBCT SCANNER\n\n## Even Higher Image Quality\nThe PreXion Expedition CBCT Scanner is designed to deliver higher image quality, combining a high-quality X-ray generator with various imaging technologies. It is crafted in Japan and emphasizes vivid, accurate, and reliable diagnostic imaging.\n\n### Cone Beam CT Benefits in Daily Practice\nCone beam CT allows practitioners to make precise diagnoses and treatments by viewing pathology beyond conventional 2D images, with low dosage and intuitive operation.\n\n### In Pursuit of High Image Quality\nSuperior imaging quality is achieved through a high-quality X-ray generator and new IGZO technology, producing clearer images with less noise.\n\n#### New IGZO Flat Panel Detector\nIGZO (indium, gallium, zinc, oxide) technology captures visibly clearer images with less noise and reduced energy consumption.\n\n#### 360° Rotation\nProvides higher resolution images by obtaining information from the entire circumference without image rendering.\n\n#### 110k High X-ray Tube Voltage\nDelivers optimal image quality for all tissues while decreasing artifacts.\n\n#### X-Ray Tube Focal Spot 0.3 × 0.3mm\nFeatures a 0.3mm X-ray tube focal spot, among the smallest in the industry.\n\n#### Voxel Size Minimum: 0.06mm, Maximum: 0.3mm\nUses voxel sizes from 0.06mm to 0.3mm for high resolution 3D images.\n\n#### 16-bit Grayscale\nOffers a high gradation of 16-bits (65,536 gradations) for smoother, higher resolution images.\n\n### Making Low Radiation Exposure a Reality\nEquipped with pulse irradiation and a low-dose mode to minimize radiation exposure while maintaining high image quality.\n\n#### New Fields of View (FOV)\nFeatures FOVs of 5x5cm, 8x8cm, 12.5x10cm, and 15x15cm (optional), covering endodontic to full mouth treatment.\n\n#### New Modern Design\nUpdated model design and panel manufacturing for greater durability and a sleek, modern look.\n\n### What is the Industry Saying?\nTestimonial from Lou Graham DDS FAGD highlighting the excellent training, service, image quality, and easy software interface of PreXion CBCT scanners.","- Get Full Specifications with the Product Brochure\n- CALCULATE YOUR SAVINGS\n- SCHEDULE A DEMO\n- Telefone: 855-PREXION\n- Suporte: (650) 212-0314\n- Endereço: 2077 Gateway Place, Suite 120, San Jose, CA 95110",- https://www.prexion.com/author/3vdab/\n- https://www.prexion.com/\n- https://www.prexion.com/roi-calculator/\n- https://www.prexion.com/request-a-demo/\n- https://www.prexion.com/prexion-3d-evolve/\n- https://www.prexion.com/prexion-excelsior-endo/\n- https://www.prexion.com/remote-support/\n- https://www.prexion.com/product-specialists/\n- https://www.prexion.com/privacy-policy/\n- https://www.prexion.com/accessibility-statement/,- https://www.linkedin.com/company/prexion-cbct/\n- https://www.facebook.com/PreXionUSA/\n- https://www.instagram.com/prexionusa/\n- https://www.youtube.com/prexioncbct,- https://www.prexion.com/wp-content/uploads/2024/02/PreXion-Expedition-Model-Brochure_FINAL_1223.pdf\n- https://www.prexion.com/wp-content/uploads/2024/02/PreXion-Expedition-Model-Brochure.pdf,Nenhum,preserve-resource,/products/expedition,"A página apresenta duplicações de conteúdo, especialmente nos blocos \""PreXion Expedition CBCT Scanner\"", \""Cone Beam CT Benefits in Daily Practice\"" e \""In Pursuit of High Image Quality\"", além do rodapé. O conteúdo em si é altamente relevante para o produto. Recomendada a preservação do conteúdo na nova estrutura do site, eliminando as duplicações.",
https://www.prexion.com/prexion-3d-explorer-ex/,https://www.prexion.com/prexion-3d-explorer-ex/,200,PreXion 3D Explorer EX CBCT Scanner,product,high,"# PREXION 3D EXPLORER EX CBCT SCANNER\n\n## Advanced CBCT Imaging with a Precision Field of View\nLowest price ever for a large FOV CBCT! Features include 4 Fields of View (FOV): 5x5cm, 10x10cm, 15x10cm and 15x16cm (single pass with no stitching), the smallest (.03mm) focal spot for outstanding image clarity, making it a great option for airway/sleep diagnostics, TMD analysis, oral surgery and orthodontia. Comes with a 10-Year, All Parts, 3-Year Labor Warranty.\n\n### PreXion Explorer EX CBCT Scanner\nPreXion specializes in three-dimensional X-ray diagnostics with more than 15 years of experience. The systems offer outstanding precision for safe diagnostics and planning in dentistry. Includes in-person training, service, maintenance, and a full-service extended warranty.\n\n### Why CBCT?\nThree-dimensional CBCT imaging is superior to 2D X-ray equipment, allowing spatial examination and reducing radiation exposure time. The volume structure of hard and soft tissues is better represented in 3D CBCT imaging.\n\n### Why a large FOV?\nFeatures a 15 x 16cm FOV, displaying important anatomical structures of the skull. The scan is captured in 10 seconds, minimizing patient exposure. Powerful imaging software highlights and measures relevant areas, aiding in therapy options for oral and maxillofacial surgery, and ENT medicine.\n\n### Why PreXion Explorer EX CBCT Scanner?\nCombines precise 3D imaging, large image detail, lowest radiation exposure, reliable diagnostics, and digital planning for various dentistry indications. Features a networked patient management system for secure communication.\n\n#### Highlights\n- Captures a large 15x16cm FOV scan in a single pass in 10 seconds.\n- Accurate 360-degree gantry rotation.\n- 260-1,024 projected views.\n- Dedicated 2D (PAN) mode option.\n- Clearest detail with a 0.3mm focal spot & 0.07-0.3mm voxel size.\n\n#### Key Features\n- 0.3×0.3mm focal spot.\n- Multiple FOV ranging from 5×5cm to 15×16cm.\n- Low dose, HD and Endo CT modes (10, 18, 20 seconds).\n- 14-second pano.\n\n#### Clinical Applications\nImplant placement surgery, Endodontics, Periodontics, Orthodontics, Oral-maxillofacial surgery, TMJ treatment, Pathology, Impacted/supernumerary teeth, DICOM export for guides & CAD/CAM, Airway analysis.\n\n### Discover what a CBCT Scanner can make possible for your practice.\nPromotes the ROI calculator tool to compare net income and expenses.\n\n### Software Features\n- **Multi-data:** Load multiple patient scans, synchronize pre/post-operative scans.\n- **Patient Education and Presentation:** Capture 3D animated video clips.\n- **Collaborative Tools:** Save 3D image reports to MS Word, burn patient discs, email images.\n- **Remote Access:** Work remotely, lead virtual treatment planning meetings.\n- **Thin Client Server:** No computer hardware upgrades required, does not slow down network.\n- **Implant Library:** Extensive library or customizable.\n- **Save Scenes:** Save case workup as a scene.\n- **3D Templates:** Over 20 pre-made 3D volume rendering templates.\n- **Slab and Cutting:** See inside structures while rotating the 3D image.\n\n### What is the Industry Saying?\nTestimonial from Lou Graham DDS FAGD, USA, praising the training, service, image quality, and easy software interface.","- [Request a Demo](https://www.prexion.com/request-a-demo/)\n- [CALCULATE YOUR SAVINGS](https://www.prexion.com/roi-calculator/)\n- [SCHEDULE A DEMO](https://www.prexion.com/request-a-demo/)\n- Telefone: [855-PREXION](tel:855PREXION)\n- Suporte ao Cliente: [(650) 212-0314](tel:6502120314)\n- Endereço: 2077 Gateway Place, Suite 120, San Jose, CA 95110",- https://www.prexion.com/author/3vdab/\n- https://www.prexion.com/request-a-demo/\n- https://www.prexion.com/roi-calculator/\n- https://www.prexion.com/prexion-3d-excelsior-cbct-scanner/\n- https://www.prexion.com/prexion-3d-evolve/\n- https://www.prexion.com/prexion-excelsior-endo/\n- https://www.prexion.com/remote-support/\n- https://www.prexion.com/product-specialists/\n- https://www.prexion.com/privacy-policy/\n- https://www.prexion.com/accessibility-statement/,"- https://www.fda.gov/radiation-emitting-products/medical-x-ray-imaging/dental-cone-beam-computed-tomography#:~:text=Cone%2Dbeam%20computed%20tomography%20systems,%2Dshaped%20X%2Dray%20beam.\n- https://youtu.be/ekmUCulM9SU\n- https://youtu.be/xJDO3jND690\n- https://www.linkedin.com/company/prexion-cbct/\n- https://www.facebook.com/PreXionUSA/\n- https://www.instagram.com/prexionusa/\n- https://www.youtube.com/prexioncbct",- [Get Full Specifications with the Product Brochure](https://www.prexion.com/wp-content/uploads/2024/02/PRE-Explorer-EX-ProductBrochure-SinglePages-NoCeph.pdf),Nenhum,create,/products/explorer-ex,"Página de produto contendo texto duplicado logo no início (\""Lowest price ever...\""). Recomenda-se criar uma página dedicada e unificada no novo site para o produto \""Explorer EX\"", corrigindo as redundâncias e mantendo os CTAs, destaques técnicos e links para o folheto do produto.",
https://www.prexion.com/prexion-3d-explorer-pro/,https://www.prexion.com/prexion-3d-explorer-pro/,200,Explorer CBCT Scanner,product,high,"# EXPLORER CBCT SCANNER\n\n## The First 3D CBCT Scan with Integrated Ceph X-Ray\n### The PreXion3D Explorer PRO\nApresenta o primeiro scanner 3D CBCT do mundo com raio-X cefalométrico integrado, destacando sua resolução superior, versatilidade e tamanho compacto, projetado para excelência odontológica.\n\n### Why the PreXion3D Explorer PRO?\nDestaca a combinação de imagens 3D precisas, grandes detalhes de imagem, baixa exposição à radiação, diagnósticos confiáveis e planejamento digital. O sistema de gerenciamento de pacientes permite comunicação em rede.\n\n#### Highlights:\n- Rotação do gantry de 360 graus.\n- 260-1.024 visualizações projetadas.\n- Opção de modo pan 2D dedicado.\n- Detalhe claro com ponto focal de 0,3 mm e voxel de 0,08-0,2 mm.\n\n#### Key Features:\n- Braço cefalométrico embutido que libera mais de 2 pés de espaço.\n- Ponto focal de 0,3x0,3mm (o menor da indústria).\n- Múltiplos campos de visão (FOV) de 5x5 a 15x16.\n- Modos CT de baixa dose, HD e endo com tempos de escaneamento de 20 segundos ou menos.\n- Tempos de escaneamento de 14 segundos para panorâmica e 16 segundos para cefalométrica.\n\n#### Clinical Applications:\nAplicações incluem cirurgia de colocação de implantes, endodontia, periodontia, ortodontia, cirurgia bucomaxilofacial, tratamento de ATM, patologia, dentes impactados e supranumerários, exportação DICOM para guias cirúrgicos de implantes e análise de vias aéreas.\n\n## Discover what CBCT can make possible for your practice.\nPromove o investimento em tecnologia CBCT da PreXion e incentiva o uso da calculadora de ROI.\n\n### Software Features\nDetalha as funcionalidades do software, incluindo:\n- **Multi-data:** Sincronização de exames pré e pós-operatórios.\n- **Patient Education and Presentation:** Captura de vídeos 3D animados.\n- **Collaborative Tools:** Relatórios automáticos e ferramentas de compartilhamento.\n- **Remote Access:** Acesso remoto para planejamento de tratamento.\n- **Thin Client Server:** Não requer atualizações de hardware e não sobrecarrega a rede.\n- **Implant Library:** Biblioteca de implantes extensa e personalizável.\n- **Save Scenes:** Salvar o trabalho de caso como uma cena.\n- **3D Templates:** Mais de 20 modelos pré-fabricados de renderização de volume 3D.\n- **Slab and Cutting:** Visualização de estruturas internas e corte de áreas não pertinentes.\n\n### Field of View & Focal Spot\nExplica a utilização do menor ponto focal da indústria (0,3mm) e tamanhos de voxel de 0,07mm a 0,3mm para ultra-HD.\n- **What is a focal spot?** Define o ponto focal e destaca o tamanho de 0,3mm.\n- **What is a voxel?** Define voxel e destaca o tamanho de 0,07mm.\n\n#### Scan Mode:\n- Low Dose Mode (Standard): 10 segundos\n- High-Definition Mode (HD): 18 segundos\n- Endo Mode (Ultra High Definition): 20 segundos\n- Panoramic Standard Mode: 14 segundos\n\n#### Specifications:\n- Device Type: Cone Beam Computed Tomography System, Head/Neck\n- Focal Spot: 0.3 mm x 0.3 mm\n- Tube Voltage: 90–110 kV\n- Tube Current: 1–5.3 mA\n- Total Filtration: 2.7 mm AI\n- Voxel Size: 0.07 mm, 0.1 mm, 0.2 mm, 0.3 mm\n- FOV: Teeth: 5x5 cm, Arch: 10x10 cm, Full: 15x10 cm, Face: 15x16 cm\n\n### What is the Industry Saying?\nDepoimento de Lou Graham DDS FAGD, elogiando o treinamento, serviço, imagens, interface de software e a empresa em geral.\n\n## Experience True Clarity & Precision\nIncentiva a agendar uma demonstração.","- [CALCULATE YOUR SAVINGS](https://www.prexion.com/roi-calculator/)\n- [REQUEST A DEMO](https://www.prexion.com/request-a-demo/)\n- Contact Us: [855-PREXION](tel:855PREXION)\n- Client Support: [(650) 212-0314](tel:6502120314)\n- Endereço: 2077 Gateway Place, Suite 120, San Jose, CA 95110",- [ROI calculator](https://www.prexion.com/roi-calculator/)\n- [Evolve 3D Scanner](https://www.prexion.com/prexion-3d-evolve/)\n- [Excelsior ENDO Scanner](https://www.prexion.com/prexion-excelsior-endo/)\n- [Remote Support](https://www.prexion.com/remote-support/)\n- [Find a Product Specialist](https://www.prexion.com/product-specialists/)\n- [Privacy Policy](https://www.prexion.com/privacy-policy/)\n- [Accessibility Statement](https://www.prexion.com/accessibility-statement/),- [LinkedIn](https://www.linkedin.com/company/prexion-cbct/)\n- [Facebook](https://www.facebook.com/PreXionUSA/)\n- [Instagram](https://www.instagram.com/prexionusa/)\n- [YouTube](https://www.youtube.com/prexioncbct),- [PreXion-ExplorerPRO-ProductBrochure-2023.pdf](https://www.prexion.com/wp-content/uploads/2023/09/PreXion-ExplorerPRO-ProductBrochure-2023.pdf),Nenhum,create,/products/prexion-3d-explorer-pro/,"A página apresenta informações detalhadas sobre o produto Explorer PRO, incluindo especificações técnicas, características do software e um depoimento de cliente. Há repetição do link para a brochura e de seções como 'Why the PreXion3D Explorer PRO?'. O rodapé está duplicado no conteúdo extraído. Recomenda-se criar uma página própria no novo site, consolidando as informações e eliminando as redundâncias identificadas.",
https://www.prexion.com/prexion-3d-intraoral-sensor/,https://www.prexion.com/prexion-3d-intraoral-sensor/,200,Prexion 3D Intraoral Sensor,product,high,"# PREXION 3D EVOLVE INTRAORAL SENSOR\n\n## The Ultimate Evolution of Dental Imaging Capabilities\n\n### Evolve Intraoral Sensor\nApresenta o novo sensor intraoral Evolve como a evolução final das capacidades de imagem. Oferece imagens de alta definição para diagnósticos precisos e seguros, além de conectividade perfeita para otimizar o fluxo de trabalho de radiografia intraoral e o gerenciamento de imagens dos pacientes.\n\n### Why the Evolve Intraoral Sensor?\nO sensor intraoral Evolve substitui filmes radiográficos, gerando imagens instantâneas, mais nítidas e de alta definição. É pequeno, confortável e permite economizar tempo e dinheiro. Inclui licenças de software ilimitadas, várias ferramentas de edição e compartilhamento de relatórios. (Nota: Há um parágrafo intruso nesta seção falando sobre o \""Evolve Scan\"", um scanner intraoral portátil de 119 gramas).\n\n### Product Features\n- **Compatibility**: Compatível com qualquer equipamento de raio-X do mercado.\n- **Easy Cable Replacement**: Cabo USB 2.0 de fácil substituição (2,5 metros) com proteção interna de silicone.\n- **Save Money**: Solução econômica, eliminando gastos com filmes e produtos químicos.\n- **Save Time**: Captura imagens em cerca de 5 segundos, contra 5 minutos do sistema analógico.\n- **Sharper Images**: Captura em tempo real com 25 pares de linhas e processamento avançado.\n- **Cesium Iodide Technology**: Baseado em tecnologia de Iodeto de Césio para alto poder diagnóstico.\n\n### Software Features\n- **Organized Images**: Registro, captura e organização rápida de imagens.\n- **Unlimited Licenses**: Licenças ilimitadas para instalação em múltiplos computadores.\n- **Share Images and Diagnostics**: Salva em formatos como TIFF, BITMAP, PNG, DCIOM e JPG. Geração de PDFs e compartilhamento por e-mail.\n- **Impress Your Patients**: Permite demonstração detalhada do tratamento e comparação pré/pós-procedimento.\n- **Full Featured**: Ferramentas de edição como rotação, zoom, brilho, contraste, inserção de texto, medição, odontograma, etc.\n\n### Computer Configuration (Minimum Requirements)\n- Operating system: Windows 10 or superior\n- CPU: Intel Core i3 3.0 GHz or superior\n- RAM: 4GB DDR2 SDRAM minimum\n- HDD: 500 GB or larger\n- USB Connector: USB 2.0\n- Monitor Resolution: 1024 × 768\n\n### Discover what can make possible for your practice\nIncentiva o uso da ferramenta ROI calculator para comparar a receita líquida do investimento com as despesas, mostrando como a tecnologia PreXion pode se tornar lucrativa rapidamente.\n\n### Experience True Clarity & Precision\nConvite final para agendar uma demonstração.","- [SCHEDULE A DEMO](https://www.prexion.com/request-a-demo/)\n- [CALCULATE YOUR SAVINGS](https://www.prexion.com/roi-calculator/)\n- [FIND A PRODUCT SPECIALIST](https://www.prexion.com/product-specialists/)\n- Contact Us: 855-PREXION\n- Client Support: (650) 212-0314\n- Address: 2077 Gateway Place, Suite 120, San Jose, CA 95110",- https://www.prexion.com/request-a-demo/\n- https://www.prexion.com/roi-calculator/\n- https://www.prexion.com/product-specialists/\n- https://www.prexion.com/prexion-3d-evolve/\n- https://www.prexion.com/prexion-excelsior-endo/\n- https://www.prexion.com/remote-support/\n- https://www.prexion.com/privacy-policy/\n- https://www.prexion.com/accessibility-statement/,- https://www.linkedin.com/company/prexion-cbct/\n- https://www.facebook.com/PreXionUSA/\n- https://www.instagram.com/prexionusa/\n- https://www.youtube.com/prexioncbct,- https://www.prexion.com/wp-content/uploads/2026/05/Prexion-Evolve-Intraoral-Sensor-Sell-Sheet_review_05_2026_03.pdf\n- https://www.prexion.com/wp-content/uploads/2023/10/Prexion-Evolve-Intraoral-Sensor-Sell-Sheet_0923.pdf,Nenhum,create,/products/intraoral-sensor,"A página possui conteúdo duplicado, como a seção introdutória sobre o \""Evolve Intraoral Sensor\"" e o bloco \""Why the Evolve Intraoral Sensor?\"" que fala incorretamente sobre um scanner (Evolve Scan). A seção do ROI Calculator e o rodapé também aparecem duplicados. Essas inconsistências devem ser corrigidas na migração. O conteúdo é altamente relevante e focado em vendas do produto.",
https://www.prexion.com/prexion-care/,https://www.prexion.com/prexion-care/,200,PreXion Care,support,medium,"# PreXion Care\n\nFormulário para solicitar mais informações sobre o PreXion Care.\n\n## Prexion Care Contact\n\nFormulário de contato contendo campos para Name, Email, Phone, ZIP code, City, State, etc., e CAPTCHA.\n\n### What is the Industry Saying?\n\nDepoimento do Dr. Richard Newhart, Periodontista, elogiando as unidades CBCT da PreXion por suas especificações, baixa radiação, imagem de última geração e treinamento fornecido.","- Formulário \""Prexion Care Contact\"" com campos Name, Email, Phone, ZIP code\n- Contact Us: 855-PREXION\n- Client Support: (650) 212-0314\n- Endereço: 2077 Gateway Place, Suite 120, San Jose, CA 95110",- https://www.prexion.com/prexion-3d-evolve/\n- https://www.prexion.com/prexion-excelsior-endo/\n- https://www.prexion.com/roi-calculator/\n- https://www.prexion.com/remote-support/\n- https://www.prexion.com/product-specialists/\n- https://www.prexion.com/privacy-policy/\n- https://www.prexion.com/accessibility-statement/,- https://www.linkedin.com/company/prexion-cbct/\n- https://www.facebook.com/PreXionUSA/\n- https://www.instagram.com/prexionusa/\n- https://www.youtube.com/prexioncbct,Nenhum,Nenhum,create,/support/prexion-care,"Página de contato/suporte para o \""PreXion Care\"". Possui um formulário de contato e um depoimento. O conteúdo principal é bem escasso, focando quase inteiramente no formulário. Pode ser consolidada em uma página geral de suporte ou contato, mas se for um programa específico (\""PreXion Care\""), merece página própria com mais detalhes sobre o que o programa oferece.",
https://www.prexion.com/prexion-excelsior-endo/,https://www.prexion.com/prexion-excelsior-endo/,200,PreXion Excelsior Endo Scanner,product,high,"# PREXION EXCELSIOR ENDO SCANNER\n\n## The Evolution of 3D Dental Imaging in a Technology Product\nO PreXion Excelsior Endo é o tomógrafo de alta resolução carro-chefe da empresa, oferecendo qualidade de imagem de ponta que permite visualizar anatomia e patologia além dos padrões tradicionais de CBCT. Ele possui um detector de painel plano (FPD) exclusivo, que fornece um ponto focal de 0,2 mm, o menor da indústria. O produto é voltado para dentistas que exigem a maior clareza diagnóstica e detalhes.\n\n### Why choose the PreXion Excelsior Endo?\nO sistema combina a imagem 3D mais precisa, grandes detalhes de imagem, menor exposição à radiação, diagnósticos confiáveis e planejamento digital, otimizado especificamente para diagnósticos e tratamentos endodônticos. O sistema de gerenciamento de pacientes permite a comunicação segura e em rede dos dados dos pacientes em várias salas da clínica e pode ser integrado facilmente à infraestrutura existente.\n\n#### Software Features\nApresenta recursos de software poderosos, incluindo:\n- **3D Implant Planning**: Permite marcar o canal mandibular e posicionar implantes a partir de uma biblioteca extensa, determinando dimensões, profundidade e angulação ideais.\n- **Airway Volume Measure**: Ferramenta de segmentação para obter dados volumétricos isolando estruturas com base na densidade (vias aéreas, seios da face, mandíbula e dentes).\n- **STL Conversion**: Converte dados DICOM em arquivos STL para uso em fluxos de trabalho CAD/CAM e impressão 3D.\n- **Virtual Endoscopy**: Combina CPR com tecnologia de visualização virtual para gerar uma visão interna das vias aéreas para exame detalhado.\n- **DICOM Fusion**: Permite alinhar e sobrepor múltiplos DICOMs para diagnósticos e planejamento mais precisos.\n- **3D Reports**: Ferramenta de relatórios com modelos flexíveis para documentação clínica, salvando em formatos como HTML, PPT ou PDF.\n\n### Field of View\nApresenta as opções de campo de visão (FOV) do equipamento:\n- 5x5cm\n- 9x6cm\n- 9x9cm\n- 14x9cm\n\n### 3D Algorithms: Enhancing Your Work-Flow Efficiency and Diagnostic Accuracy\nDestaca algoritmos avançados para melhorar a eficiência e a precisão do diagnóstico:\n- **UHD Mode for Endodontics**: Resolução excepcional com tamanho de voxel isotrópico de até 48um.\n- **Patient Motion Correction (PMC)**: Corrige automaticamente imperfeições de imagem causadas por micromovimentos do paciente.\n- **Metal Artifact Reduction (MAR)**: Possui três níveis de processamento para corrigir deformidades de guta-percha, implantes, próteses e restaurações metálicas, além da redução automática de metal.\n\n### What is the Industry Saying?\nInclui um depoimento do Dr. Richard Newhart, periodontista, elogiando as especificações do equipamento, a baixa radiação, a imagem de ponta e o treinamento fornecido pela PreXion.\n\n## Request a Free Demo\nIncentiva o preenchimento de um formulário para agendar uma demonstração gratuita do PreXion3D Excelsior.","- [REQUEST A DEMO](https://www.prexion.com/request-a-demo/)\n- [Get Full Specifications with the Product Brochure](https://s.assetway.com.br/iKlNr)\n- Telefone de Contato: [855-PREXION](tel:855PREXION)\n- Suporte ao Cliente: [(650) 212-0314](tel:6502120314)\n- Endereço: 2077 Gateway Place, Suite 120, San Jose, CA 95110\n- Formulário de contato para demo mencionado, mas não detalhado.",- https://www.prexion.com/request-a-demo/\n- https://www.prexion.com/prexion-3d-evolve/\n- https://www.prexion.com/roi-calculator/\n- https://www.prexion.com/remote-support/\n- https://www.prexion.com/product-specialists/\n- https://www.prexion.com/privacy-policy/\n- https://www.prexion.com/accessibility-statement/,- https://s.assetway.com.br/iKlNr\n- https://www.linkedin.com/company/prexion-cbct/\n- https://www.facebook.com/PreXionUSA/\n- https://www.instagram.com/prexionusa/\n- https://www.youtube.com/prexioncbct,- https://s.assetway.com.br/iKlNr,Nenhum,create,/products/excelsior-endo,"A página contém duplicação de links no rodapé (links para redes sociais e links úteis). Trata-se de uma página de produto com alta relevância, apresentando informações cruciais sobre o equipamento PreXion Excelsior Endo, incluindo especificações, recursos de software, campos de visão (FOV) e algoritmos 3D. A migração deve focar em criar uma página dedicada e otimizada no novo site.",
https://www.prexion.com/prexion-excelsior-max-lfov/,https://www.prexion.com/prexion-excelsior-max-lfov/,200,PREXION EXCELSIOR MAX (LFOV) SCANNER,product,high,"# PREXION EXCELSIOR MAX (LFOV) SCANNER\n\n## The Evolution of 3D Dental Imaging in a Technology Product\nApresenta o scanner PreXion Excelsior Max como a evolução do produto original da empresa, focado em alta clareza e detalhe diagnóstico para dentistas.\n\n## Why choose the PreXion Excelsior Max?\nDestaca os componentes do sistema que oferecem precisão 3D, baixo nível de radiação, diagnósticos confiáveis e planejamento digital para diversas áreas da odontologia (periodontia, endodontia, implantodontia, etc.). O sistema de gestão de pacientes permite comunicação em rede e fácil integração à infraestrutura da clínica.\n\n### Software Features\nLista de recursos de software incluídos:\n- **2D Reports:** Anotações customizáveis e planejamento de implantes em vistas panorâmicas.\n- **2D Manual and AI Assisted Cephalometry:** Traçado cefalométrico manual ou assistido por IA.\n- **3D Implant Planning:** Marcação do canal mandibular e posicionamento de implantes com biblioteca de sistemas reais.\n- **Airway Volume Measure:** Ferramenta de segmentação para isolar estruturas por densidade e obter volumes.\n- **STL Conversion:** Conversão de DICOM para STL para fluxos CAD/CAM e impressão 3D.\n- **Virtual Endoscopy:** Endoscopia virtual combinando CPR e tecnologia de visão virtual.\n- **DICOM Fusion:** Mais de 20 templates pré-feitos de renderização de volume 3D.\n- **3D Reports:** Ferramenta de relatórios com templates flexíveis e exportação para HTML, PPT ou PDF.\n\n### Field of View\nApresenta os diferentes campos de visão suportados pelo equipamento:\n- 5x5cm\n- 9x6cm\n- 9x9cm\n- 16x9cm\n- 16x15cm\n- 16x21cm\n\n### 3D Algorithms: Enhancing Your Work-Flow Efficiency and Diagnostic Accuracy\n- **UHD Mode for Endodontics:** Resolução com Voxel Isotrópico de 75μm a 250μm.\n- **Patient Motion Correction (PMC):** Algoritmo que corrige automaticamente micro-movimentos do paciente.\n- **Metal Artifact Reduction (MAR):** Redução de artefatos metálicos com três níveis de processamento para corrigir deformidades causadas por materiais odontológicos.\n\n### What is the Industry Saying?\nDepoimento do Dr. Richard Newhart, Periodontista, elogiando as especificações, baixa radiação, imagens de ponta e o treinamento oferecido pela PreXion.","- REQUEST A DEMO (https://www.prexion.com/request-a-demo/)\n- Get Full Specifications with the Product Brochure (https://s.assetway.com.br/ztdBk)\n- Contact Us: 855-PREXION\n- Client Support: (650) 212-0314\n- Endereço: 2077 Gateway Place, Suite 120, San Jose, CA 95110",- https://www.prexion.com/request-a-demo/\n- https://www.prexion.com/prexion-3d-evolve/\n- https://www.prexion.com/prexion-excelsior-endo/\n- https://www.prexion.com/roi-calculator/\n- https://www.prexion.com/remote-support/\n- https://www.prexion.com/product-specialists/\n- https://www.prexion.com/privacy-policy/\n- https://www.prexion.com/accessibility-statement/,- https://www.linkedin.com/company/prexion-cbct/\n- https://www.facebook.com/PreXionUSA/\n- https://www.instagram.com/prexionusa/\n- https://www.youtube.com/prexioncbct\n- https://s.assetway.com.br/ztdBk,- https://s.assetway.com.br/ztdBk,Nenhum,create,/products/excelsior-max-lfov,"A página contém informações detalhadas e atualizadas sobre o produto PreXion Excelsior Max (LFOV), incluindo especificações, recursos de software e depoimentos. O conteúdo do rodapé está duplicado na extração. A página deve ser migrada e consolidada como uma página de produto no novo site.",
https://www.prexion.com/prexion-excelsior-mid/,https://www.prexion.com/prexion-excelsior-mid/,200,PreXion Excelsior Mid (MFOV) Scanner,product,high,"# PREXION EXCELSIOR MID (MFOV) SCANNER\n\n## The Evolution of 3D Dental Imaging in a Technology Product\nO scanner PreXion Excelsior Mid é a evolução do produto original, projetado para dentistas que exigem alta clareza diagnóstica e detalhes.\n\n### Why choose the PreXion Excelsior Mid?\nOs componentes do sistema permitem precisão em imagens 3D, baixíssima exposição à radiação e planejamento digital para diversas indicações odontológicas (periodontia, endodontia, implantodontia, etc.). O sistema de gerenciamento de pacientes facilita a comunicação em rede.\n\n## Software Features\n- **2D Reports:** Anotações customizáveis e planejamento de implantes na vista panorâmica.\n- **2D Manual and AI Assisted Cephalometry:** Traçado cefalométrico manual ou automático via IA.\n- **3D Implant Planning:** Marcação do canal mandibular e posicionamento de implantes com base em biblioteca real.\n- **Airway Volume Measure:** Obtenção de dados volumétricos segmentando vias aéreas, seios da face, etc.\n- **STL Conversion:** Conversão de dados DICOM para arquivos STL.\n- **Virtual Endoscopy:** Combinação de CPR com tecnologia de visão virtual.\n- **DICOM Fusion:** Alinhamento e sobreposição de múltiplos DICOMs.\n- **3D Reports:** Templates flexíveis para documentação clínica.\n\n### Field of View\n- 5x5cm\n- 9x6cm\n- 9x9cm\n- 16x9cm\n\n### 3D Algorithms: Enhancing Your Work-Flow Efficiency and Diagnostic Accuracy\n- **UHD Mode for Endodontics:** Resolução com Voxel Isotrópico de 75μm a 250μm.\n- **Patient Motion Correction (PMC):** Correção automática de imperfeições causadas por micromovimentos do paciente.\n- **Metal Artifact Reduction (MAR):** Três níveis de processamento para corrigir deformidades e reduzir artefatos metálicos.\n\n### What is the Industry Saying?\nDepoimento do Dr. Richard Newhart, periodontista, elogiando as especificações, baixa radiação, qualidade da imagem e o treinamento fornecido pela PreXion.","- REQUEST A DEMO: https://www.prexion.com/request-a-demo/\n- Telefone Contact Us: 855-PREXION\n- Telefone Client Support: (650) 212-0314\n- Endereço: 2077 Gateway Place, Suite 120, San Jose, CA 95110",- https://www.prexion.com/request-a-demo/\n- https://www.prexion.com/prexion-3d-evolve/\n- https://www.prexion.com/prexion-excelsior-endo/\n- https://www.prexion.com/roi-calculator/\n- https://www.prexion.com/remote-support/\n- https://www.prexion.com/product-specialists/\n- https://www.prexion.com/privacy-policy/\n- https://www.prexion.com/accessibility-statement/,- LinkedIn: https://www.linkedin.com/company/prexion-cbct/\n- Facebook: https://www.facebook.com/PreXionUSA/\n- Instagram: https://www.instagram.com/prexionusa/\n- YouTube: https://www.youtube.com/prexioncbct,- Product Brochure: https://s.assetway.com.br/ztdBk,Nenhum,consolidate,/products/excelsior-mid,"Página de produto com conteúdo relevante e atualizado. Há duplicação de texto no cabeçalho (\""Update Your Technology in 2026...\"") e no rodapé. As informações sobre software e algoritmos são ricas e devem ser preservadas. Recomenda-se consolidar em uma nova rota de produto padronizada.",
https://www.prexion.com/privacy-policy/,https://www.prexion.com/privacy-policy/,200,Privacy Policy,legal,high,"# PREXION PRIVACY POLICY\n## Privacy Policy\nInforma que a política rege a coleta, uso e divulgação de Informações Pessoais de usuários do site da PreXion. A última atualização foi em 28 de junho de 2024. Compromete-se a não compartilhar dados com terceiros sem consentimento.\n\n### Information Collection And Use\nSolicita informações de identificação pessoal, como nome, para contato e identificação.\n\n### Log Data\nColeta dados de log do navegador, como IP, tipo de navegador, páginas visitadas, hora, data e tempo gasto. Utiliza serviços de terceiros, como Google Analytics.\n\n### Communications\nPode usar Informações Pessoais para enviar newsletters, marketing e materiais promocionais.\n\n### Cookies\nUsa cookies para coletar informações. O usuário pode recusar, mas pode perder acesso a algumas partes do site. (Nota: Há um parágrafo duplicado nesta seção).\n\n### Security\nA segurança é importante, mas nenhuma transmissão ou armazenamento eletrônico é 100% seguro. Esforça-se para proteger os dados, mas não garante segurança absoluta.\n\n### Changes To This Privacy Policy\nEfetiva desde 24 de janeiro de 2020. A empresa reserva-se o direito de atualizar a política, com alterações efetivas imediatamente após a postagem. Notificará mudanças materiais por e-mail ou aviso no site.\n\n### Contact Us\nPara dúvidas, contatar 855-PREXION.","- Contact Us: 855-PREXION\n- Client Support: (650) 212-0314\n- Endereço: 2077 Gateway Place, Suite 120, San Jose, CA 95110",- https://www.prexion.com/\n- https://www.prexion.com/author/3vdab/\n- https://www.prexion.com/prexion-3d-evolve/\n- https://www.prexion.com/prexion-excelsior-endo/\n- https://www.prexion.com/roi-calculator/\n- https://www.prexion.com/remote-support/\n- https://www.prexion.com/product-specialists/\n- https://www.prexion.com/privacy-policy/\n- https://www.prexion.com/accessibility-statement/,- https://www.linkedin.com/company/prexion-cbct/\n- https://www.facebook.com/PreXionUSA/\n- https://www.instagram.com/prexionusa/\n- https://www.youtube.com/prexioncbct,Nenhum,Nenhum,preserve-resource,/privacy-policy,"Página de política de privacidade atualizada em junho de 2024. Há duplicação de parágrafos na seção de Cookies e no rodapé (links e contatos). Conteúdo padrão legal, sem riscos iminentes, essencial manter.",
https://www.prexion.com/product-specialists/,https://www.prexion.com/product-specialists/,200,Find a Product Specialist,sales,high,"# PRODUCT SPECIALISTS\n\n## Find a Product Specialist\nSeção solicitando que o usuário preencha um formulário (pedindo o CEP) para entrar em contato e obter detalhes sobre produtos e serviços.\n\n## Experience True Clarity & Precision\nSeção de chamada para ação incentivando o usuário a agendar uma demonstração do produto, contendo o botão \""REQUEST A DEMO\"".\n\n## Contact Your PreXion Product Specialist (Modal/Formulário)\nFormulário detalhado de contato solicitando Nome Completo, Nome da Clínica, Número de Telefone, Email, se o cliente já possui uma unidade CBCT na clínica e um campo de Mensagem.","- Formulário de contato para encontrar especialista de produto (pede CEP)\n- Botão \""REQUEST A DEMO\"" (link para /request-a-demo/)\n- Telefone de contato: 855-PREXION\n- Telefone de suporte: (650) 212-0314\n- Endereço: 2077 Gateway Place, Suite 120, San Jose, CA 95110\n- Modal de contato com formulário (Nome, Clínica, Telefone, Email, Possui CBCT, Mensagem)",- https://www.prexion.com/author/3vdab/\n- https://www.prexion.com/request-a-demo/\n- https://www.prexion.com/prexion-3d-evolve/\n- https://www.prexion.com/prexion-excelsior-endo/\n- https://www.prexion.com/roi-calculator/\n- https://www.prexion.com/remote-support/\n- https://www.prexion.com/product-specialists/\n- https://www.prexion.com/privacy-policy/\n- https://www.prexion.com/accessibility-statement/\n- https://www.prexion.com/,- https://www.linkedin.com/company/prexion-cbct/\n- https://www.facebook.com/PreXionUSA/\n- https://www.instagram.com/prexionusa/\n- https://www.youtube.com/prexioncbct,Nenhum,- PreXion Logo: https://www.prexion.com/,consolidate,/contact-specialist,"Página de geração de leads voltada para vendas. Contém um formulário principal pedindo CEP para localizar o especialista e um formulário modal/popup de contato direto. Há duplicação do rodapé na extração, indicando possível problema de layout ou renderização mobile/desktop conjunta. Recomenda-se consolidar em uma página central de contato ou manter como uma landing page de vendas direcionada no novo site.",
https://www.prexion.com/remote-support/,https://www.prexion.com/remote-support/,200,Remote Support,support,high,"# REMOTE SUPPORT\n\n## Need support with your PreXion products?\nInstruções para baixar o TeamViewer e ligar para o Client Support no número (650) 212–0314. O texto enfatiza a missão da PreXion de fornecer excelente serviço ao cliente e pede para instalar o TeamViewer antes de ligar. Após a instalação, a equipe guiará o processo de conexão remota.\n\n### Find More Opportunities for Education\nSeção que direciona para oportunidades de educação e suporte com link para \""LEARN MORE\"".\n\n## Stay on the Cutting Edge of Dentistry.\nConvite para assinatura (Subscribe today).\n\n### Rodapé (Footer)\nContatos (855-PREXION, (650) 212-0314), endereço em San Jose, CA, links para redes sociais e links de navegação para outras áreas do site.","- Call Client Support: (650) 212–0314\n- Download TeamViewer: [DOWNLOAD FOR FREE](https://www.teamviewer.com/en/download/windows/)\n- Education opportunities: [LEARN MORE](https://www.prexion.com/education-and-support/)\n- Contact Us: 855-PREXION\n- Subscribe to newsletter (Stay on the Cutting Edge of Dentistry)\n- Endereço: 2077 Gateway Place, Suite 120, San Jose, CA 95110",- https://www.prexion.com/author/3vdab/\n- https://www.prexion.com/education-and-support/\n- https://www.prexion.com/prexion-3d-evolve/\n- https://www.prexion.com/prexion-excelsior-endo/\n- https://www.prexion.com/roi-calculator/\n- https://www.prexion.com/remote-support/\n- https://www.prexion.com/product-specialists/\n- https://www.prexion.com/privacy-policy/\n- https://www.prexion.com/accessibility-statement/\n- https://www.prexion.com/,- https://www.teamviewer.com/en/download/windows/\n- https://www.linkedin.com/company/prexion-cbct/\n- https://www.facebook.com/PreXionUSA/\n- https://www.instagram.com/prexionusa/\n- https://www.youtube.com/prexioncbct,Nenhum,Nenhum,create,/remote-support,"Página de suporte remoto simples e direta, instruindo o usuário a baixar o TeamViewer e ligar para o suporte. O conteúdo do rodapé está duplicado no markdown extraído, o que é comum. A página é muito relevante e deve ser mantida.",
https://www.prexion.com/request-a-demo/,https://www.prexion.com/request-a-demo/,200,Request a Free Demo | 3D CBCT | PreXion,landing-page,high,"### Request a demo consultation here\nFill out the form bellow to be contected with a free 3D CBCT machine demo!\n\n### PreXion Contact\n(Formulário de contato - campos não listados no texto, mas há um botão de submit: \""Fill out all the fields below so we can contact you.\"")\n\n### What is the Industry Saying?\nDepoimento do Dr. Richard Newhart, Periodontista: \""After looking at the different CBCT units available in the marketplace, we chose PreXion based on the PreXion specifications, low radiation, and state of the art imaging. We are excited to be able to better diagnose periodontal disease and treatment plan for implants. In addition, we were very pleased by the training provided by PreXion which has been vital to help us learn how to use our CBCT to the fullest.\""","- Botão de submit do formulário: \""Fill out all the fields below so we can contact you.\""\n- Telefone Contact Us: 855-PREXION\n- Telefone Client Support: (650) 212-0314\n- Endereço: 2077 Gateway Place, Suite 120, San Jose, CA 95110",- https://www.prexion.com/\n- https://www.prexion.com/why-prexion/\n- https://www.prexion.com/imaging-products/\n- https://www.prexion.com/roi-calculator/\n- https://www.prexion.com/education-and-support/\n- https://www.prexion.com/sales-info/\n- https://www.prexion.com/contact/\n- https://www.prexion.com/remote-support/\n- https://www.prexion.com/accessibility-statement/\n- https://www.prexion.com/product-specialists/\n- https://www.prexion.com/privacy-policy/,- https://www.linkedin.com/company/prexion-cbct/\n- https://www.facebook.com/PreXionUSA/\n- https://www.instagram.com/prexionusa/\n- https://www.youtube.com/prexioncbct,Nenhum,- PreXion Logo (https://www.prexion.com/wp-content/uploads/2023/08/PRE-Logo-Large-300x154.png),create,/request-a-demo/,"Página principal de conversão para solicitar demonstração. O formulário não carregou completamente no texto extraído, mas há um botão de envio (\""Fill out all the fields below so we can contact you.\""). Contém um depoimento de cliente. Recomenda-se recriar a página no novo site mantendo o foco em conversão com um formulário funcional e os depoimentos. Há erros de digitação no texto original (\""bellow\"", \""contected\"") que devem ser corrigidos na nova versão.",
https://www.prexion.com/roi-calculator/,https://www.prexion.com/roi-calculator/,200,PreXion ROI CBCT Cost Calculator | PreXion,landing-page,high,"# CBCT COST & ROI CALCULATOR\n\n## Are you interested in a PreXion product?\nUse our ROI calculator tool below to compare the net income from a PreXion investment to the net expenses required to finance a product. A ferramenta inclui seções para:\n- **Dental Procedures**: 3rd molar extraction, Regular extraction / root resorbtion, Endo, Apico, Bone Graft, Implant, 3D scan referred out, 2D pan (new revenue), 2D ceph (new revenue).\n- **Sleep and Medical Billing**: Sleep 3D scan & consult, Ceph Images, Pan Images, Sleep Appliance.\n- **Equipment Cost**: Calcula pagamentos mensais para 48, 60 e 84 meses a 7.00% de juros.\n- **Yearly Revenue Generated**: Mostra receita após pagamento mensal aplicado.\n\n## Why Prexion?\n- **Top-Quality 3D Imaging**: PreXion offers the clearest, most precise image in the industry at an incredible price point with low radiation levels.\n- **Unmatched Commitment to Education**: Offers exclusive hands-on courses nationwide and educational videos online.\n- **Excellent Service**: Passionate about answering support calls and delivering excellent customer care.\n\n## What is the Industry Saying?\nDepoimento do DR. RICHARD NEWHART, PERIODONTIST sobre a escolha da PreXion baseada em especificações, baixa radiação, imagens de ponta e excelente treinamento para diagnóstico de doenças periodontais e implantes.\n\n## Experience True Clarity & Precision\nChamada para agendar uma demonstração (Schedule a demo today).","- REQUEST A DEMO (https://www.prexion.com/request-a-demo/)\n- LEARN MORE ABOUT US (https://www.prexion.com/why-prexion/)\n- Formulário de calculadora de ROI (Tabelas interativas para Dental Procedures, Sleep and Medical Billing, Equipment Cost)\n- Telefone Contact Us: 855-PREXION (tel:855PREXION)\n- Telefone Client Support: (650) 212-0314 (tel:6502120314)\n- Endereço: 2077 Gateway Place, Suite 120, San Jose, CA 95110",- https://www.prexion.com/\n- https://www.prexion.com/why-prexion/\n- https://www.prexion.com/imaging-products/\n- https://www.prexion.com/roi-calculator/\n- https://www.prexion.com/education-and-support/\n- https://www.prexion.com/sales-info/\n- https://www.prexion.com/contact/\n- https://www.prexion.com/request-a-demo/\n- https://www.prexion.com/remote-support/\n- https://www.prexion.com/accessibility-statement/\n- https://www.prexion.com/product-specialists/\n- https://www.prexion.com/privacy-policy/,- https://www.linkedin.com/company/prexion-cbct/\n- https://www.facebook.com/PreXionUSA/\n- https://www.instagram.com/prexionusa/\n- https://www.youtube.com/prexioncbct,Nenhum,- PreXion Logo: https://www.prexion.com/wp-content/uploads/2023/08/PRE-Logo-Large-300x154.png\n- Top-Quality 3D Imaging: https://www.prexion.com/wp-content/uploads/2023/08/Top-Quality-Imaging.png\n- Unmatched Commitment to Education: https://www.prexion.com/wp-content/uploads/2023/08/Commitment-To-Education.png\n- Excellent Service: https://www.prexion.com/wp-content/uploads/2023/08/PRE-Support.jpg,create,/roi-calculator,"A página contém uma calculadora de ROI interativa que precisa ser recriada ou portada para o novo site. O conteúdo inclui argumentos de vendas sobre a qualidade da imagem, educação e suporte, além de um depoimento. A funcionalidade principal é a calculadora que permite simular receitas e custos de equipamentos em 48, 60 e 84 meses. Não há riscos óbvios de obsolescência, pois é uma ferramenta de vendas perene.",
https://www.prexion.com/sales-info/,https://www.prexion.com/sales-info/,200,Sales Info,sales,high,"# SALES INFO\n\n## How can we help boost your practice with PreXion?\n\nInformation about finding a product specialist. PreXion product specialists work exclusively for the company and are fully equipped to provide necessary information. Includes a CTA to find a product specialist.\n\n## Distributor Locations\n\nPreXion has an extensive and growing network of distributors across the U.S., making it beneficial for potential customers. Users are advised to contact their PreXion Product Specialist to find a distributor. Includes a CTA to find a distributor.\n\n## What is the Industry Saying?\n\nA testimonial from Dr. Michael Morgan stating that his periodontal practice and patient care have elevated to higher levels with the integration of the PreXion CBCT.\n\n## Experience True Clarity & Precision\n\nEncourages users to schedule a demo today with a CTA to request a demo. Includes contact information (phone numbers) and address.","- [FIND A PRODUCT SPECIALIST](https://www.prexion.com/product-specialists/)\n- [FIND A DISTRIBUTOR](https://www.prexion.com/distributor-locations/)\n- [REQUEST A DEMO](https://www.prexion.com/request-a-demo/)\n- Telefone: 855-PREXION\n- Telefone de Suporte: (650) 212-0314\n- Endereço: 2077 Gateway Place, Suite 120, San Jose, CA 95110",- https://www.prexion.com/product-specialists/\n- https://www.prexion.com/distributor-locations/\n- https://www.prexion.com/request-a-demo/\n- https://www.prexion.com/prexion-3d-evolve/\n- https://www.prexion.com/prexion-excelsior-endo/\n- https://www.prexion.com/roi-calculator/\n- https://www.prexion.com/remote-support/\n- https://www.prexion.com/privacy-policy/\n- https://www.prexion.com/accessibility-statement/,- https://www.linkedin.com/company/prexion-cbct/\n- https://www.facebook.com/PreXionUSA/\n- https://www.instagram.com/prexionusa/\n- https://www.youtube.com/prexioncbct,Nenhum,Nenhum,consolidate,/sales-info/,"Página de vendas focada em direcionar usuários para especialistas de produto, distribuidores e solicitação de demonstração. O rodapé está duplicado no conteúdo extraído. O conteúdo é relevante para o funil de vendas e deve ser mantido ou consolidado.",
https://www.prexion.com/sample-page/,https://www.prexion.com/sample-page/,200,Sample Page,technical,obsolete,"# Sample Page\nPágina de exemplo padrão gerada pelo WordPress, explicando a diferença entre páginas e posts e sugerindo a exclusão desta página.","- Ligar para 855-PREXION\n- Ligar para Suporte: (650) 212-0314\n- Endereço: 2077 Gateway Place, Suite 120, San Jose, CA 95110",- https://www.prexion.com/author/3vdab/\n- https://www.prexion.com/wp-admin/\n- https://www.prexion.com/prexion-3d-evolve/\n- https://www.prexion.com/prexion-excelsior-endo/\n- https://www.prexion.com/roi-calculator/\n- https://www.prexion.com/remote-support/\n- https://www.prexion.com/product-specialists/\n- https://www.prexion.com/privacy-policy/\n- https://www.prexion.com/accessibility-statement/\n- https://www.prexion.com/,- https://www.linkedin.com/company/prexion-cbct/\n- https://www.facebook.com/PreXionUSA/\n- https://www.instagram.com/prexionusa/\n- https://www.youtube.com/prexioncbct,Nenhum,Nenhum,exclude-technical,Excluir,"Página de exemplo padrão do WordPress, sem conteúdo relevante para a empresa. Deve ser excluída. O rodapé está duplicado no conteúdo extraído.",
https://www.prexion.com/saudi-international-dental-conference/,https://www.prexion.com/saudi-international-dental-conference/,200,Saudi International Dental Conference (SIDC),article,medium,"# Saudi International Dental Conference (SIDC)\nData: June 4, 2024\n\nA Alliage participou da Saudi International Dental Conference (SIDC) em Riyadh, consolidando um marco importante em seu crescimento na Arábia Saudita e na região. O evento reuniu um público altamente qualificado de profissionais de saúde (incluindo profissionais da odontologia e tomadores de decisão estratégicos) e proporcionou um ambiente relevante para ativação de parceiros, fortalecimento da marca e desenvolvimento comercial focado em soluções avançadas de imagem odontológica, além da expansão de parcerias de distribuição no mercado saudita.\n\nDurante o evento, a empresa apresentou e reforçou seu portfólio de soluções de imagem. Entre os principais resultados estiveram o lançamento oficial do Al-Razi Medical Group como parceiro (apresentando o Eagle Edge) e a assinatura de um acordo de distribuição com a Kafou Dent para a PreXion na Arábia Saudita, expandindo ainda mais a presença e o alcance de mercado no país.\n\nProdutos/Especificações citados: Eagle Edge.","- Formulário de Inscrição: \""Subscribe today\""\n- Contato telefônico: 855-PREXION\n- Suporte ao cliente: (650) 212-0314\n- Endereço: 2077 Gateway Place, Suite 120, San Jose, CA 95110",- https://www.prexion.com/\n- https://www.prexion.com/prexion-3d-evolve/\n- https://www.prexion.com/prexion-excelsior-endo/\n- https://www.prexion.com/roi-calculator/\n- https://www.prexion.com/remote-support/\n- https://www.prexion.com/product-specialists/\n- https://www.prexion.com/privacy-policy/\n- https://www.prexion.com/accessibility-statement/,- https://www.facebook.com/sharer.php?u=https%3A%2F%2Fwww.prexion.com%2Fsaudi-international-dental-conference%2F\n- https://www.linkedin.com/shareArticle?mini=true&url=https%3A%2F%2Fwww.prexion.com%2Fsaudi-international-dental-conference%2F\n- mailto:?subject=Saudi%20International%20Dental%20Conference%20%28SIDC%29&body=https%3A%2F%2Fwww.prexion.com%2Fsaudi-international-dental-conference%2F\n- https://www.linkedin.com/company/prexion-cbct/\n- https://www.facebook.com/PreXionUSA/\n- https://www.instagram.com/prexionusa/\n- https://www.youtube.com/prexioncbct,Nenhum,- Saudi International Dental Conference (SIDC) photo: https://www.prexion.com/wp-content/uploads/2026/03/Saudi-International-Dental-Conference-SIDC.png,consolidate,/blog/saudi-international-dental-conference/,"Trata-se de uma postagem de blog relatando a participação em um evento em junho de 2024. A relevância é média, pois demonstra a presença global e parcerias estratégicas. Pode ser migrada para uma seção geral de notícias/blog.",
https://www.prexion.com/subscription-success/,https://www.prexion.com/subscription-success/,200,Subscription Success,thank-you,low,"# Subscription Success\nPágina de confirmação exibida após a inscrição do usuário para receber conteúdo da PreXion.\n\n## Thank You\nMensagem principal agradecendo ao usuário: \""You have successfully subscribed to receive content from PreXion Inc.\""\n\n### Check out more from PreXion\nSeção sugerindo leitura adicional com links para eventos recentes:\n- The Art and Science of Dentistry 2026 – Anaheim – CA\n- AAE Annual Meteting 2026 – Salt Lake City – UT\n- Chicago Mindwinter","- [855-PREXION](tel:855PREXION)\n- [(650) 212-0314](tel:6502120314)\n- 2077 Gateway Place, Suite 120, San Jose, CA 95110",- https://www.prexion.com/the-art-and-science-of-dentistry-2026-anaheim-ca/\n- https://www.prexion.com/aae-annual-meteting-2026-salt-lake-city-ut/\n- https://www.prexion.com/chicago-mindwinter-dental/\n- https://www.prexion.com/prexion-3d-evolve/\n- https://www.prexion.com/prexion-excelsior-endo/\n- https://www.prexion.com/roi-calculator/\n- https://www.prexion.com/remote-support/\n- https://www.prexion.com/product-specialists/\n- https://www.prexion.com/privacy-policy/\n- https://www.prexion.com/accessibility-statement/,- https://www.linkedin.com/company/prexion-cbct/\n- https://www.facebook.com/PreXionUSA/\n- https://www.instagram.com/prexionusa/\n- https://www.youtube.com/prexioncbct,Nenhum,Nenhum,consolidate,/subscription-success/,"Página de confirmação de inscrição na newsletter. O conteúdo é apenas uma mensagem de agradecimento e links para os últimos posts do blog. Deve ser consolidada como uma mensagem de sucesso na própria página de inscrição ou mantida como uma rota técnica simples no novo site. O footer aparece duplicado na extração, provavelmente devido a versões desktop/mobile.",
https://www.prexion.com/success-be-more-profitable-more-quickly/,https://www.prexion.com/success-be-more-profitable-more-quickly/,200,Success – Be More Profitable More Quickly,thank-you,medium,"## Thank You\nAgradecimento ao usuário e convite para baixar o estudo \""Study Shows Emerging Cone-Beam Computed Tomography (CBCT) and Imaging Systems Allow Dentistry and Specialty Practices to Be More Profitable More Quickly Compared to Standard 2D Imaging Technology.\""\n\n## Check out more from PreXion:\nLista de artigos e eventos recentes, como \""The Art and Science of Dentistry 2026\"", \""AAE Annual Meteting 2026\"", e \""Chicago Mindwinter\"".\n\n## Footer\nInformações de contato (telefone, suporte, endereço), links para redes sociais e links de navegação para produtos e políticas.","- [DOWNLOAD NOW](https://www.prexion.com/wp-content/uploads/2024/03/PreXion-BeMoreProfitableMoreQuickly.pdf)\n- Contact Us: 855-PREXION\n- Client Support: (650) 212-0314\n- Endereço: 2077 Gateway Place, Suite 120, San Jose, CA 95110",- https://www.prexion.com/the-art-and-science-of-dentistry-2026-anaheim-ca/\n- https://www.prexion.com/aae-annual-meteting-2026-salt-lake-city-ut/\n- https://www.prexion.com/chicago-mindwinter-dental/\n- https://www.prexion.com/prexion-3d-evolve/\n- https://www.prexion.com/prexion-excelsior-endo/\n- https://www.prexion.com/roi-calculator/\n- https://www.prexion.com/remote-support/\n- https://www.prexion.com/product-specialists/\n- https://www.prexion.com/privacy-policy/\n- https://www.prexion.com/accessibility-statement/,- https://www.linkedin.com/company/prexion-cbct/\n- https://www.facebook.com/PreXionUSA/\n- https://www.instagram.com/prexionusa/\n- https://www.youtube.com/prexioncbct,- https://www.prexion.com/wp-content/uploads/2024/03/PreXion-BeMoreProfitableMoreQuickly.pdf,Nenhum,consolidate,/resources/downloads/be-more-profitable-more-quickly,Esta é uma página de confirmação (thank-you page) para download de um estudo de caso/whitepaper. O conteúdo principal é o link direto para o PDF. O rodapé parece estar duplicado no conteúdo extraído. Deve ser consolidada com uma central de recursos ou fluxo de download adequado no novo site.,
https://www.prexion.com/success-dental-professionals-insights-on-precision-imaging-excellence/,https://www.prexion.com/success-dental-professionals-insights-on-precision-imaging-excellence/,200,Success – Dental Professionals’ Insights on Precision Imaging Excellence,thank-you,medium,"## Thank You\nPágina de agradecimento informando ao usuário para clicar no botão abaixo e baixar sua cópia do e-book \""Dental Professionals’ Insights on Precision Imaging Excellence\"".\n\n## Check out more from PreXion\nSeção exibindo artigos e eventos recentes do blog da empresa, como \""The Art and Science of Dentistry 2026\"", \""AAE Annual Meeting 2026\"" e \""Chicago Midwinter\"".\n\n## Footer\nInformações de contato, suporte ao cliente, endereço em San Jose (CA), links para redes sociais e links úteis para outros produtos e políticas.",- DOWNLOAD NOW\n- Contact Us (tel:855PREXION)\n- Client Support (tel:6502120314),- https://www.prexion.com/the-art-and-science-of-dentistry-2026-anaheim-ca/\n- https://www.prexion.com/aae-annual-meteting-2026-salt-lake-city-ut/\n- https://www.prexion.com/chicago-mindwinter-dental/\n- https://www.prexion.com/prexion-3d-evolve/\n- https://www.prexion.com/prexion-excelsior-endo/\n- https://www.prexion.com/roi-calculator/\n- https://www.prexion.com/remote-support/\n- https://www.prexion.com/product-specialists/\n- https://www.prexion.com/privacy-policy/\n- https://www.prexion.com/accessibility-statement/\n- https://www.prexion.com/,- https://www.linkedin.com/company/prexion-cbct/\n- https://www.facebook.com/PreXionUSA/\n- https://www.instagram.com/prexionusa/\n- https://www.youtube.com/prexioncbct,- https://www.prexion.com/wp-content/uploads/2024/08/Prexion-Dental-Professionals-Insights-onPrecision-Imaging-Excellence-eBook.pdf,Nenhum,redirect,/thank-you/,Página de confirmação (thank you page) simples para download de um e-book. O arquivo PDF linkado é o ativo principal e deve ser migrado. A página em si pode ser redirecionada para uma página de sucesso genérica ou recriada se a campanha estiver ativa.,
https://www.prexion.com/success-explorer-ex-cbct-scanner-free-download/,https://www.prexion.com/success-explorer-ex-cbct-scanner-free-download/,200,Download – Explorer EX CBCT Scanner Product Brochure (LP Download),thank-you,medium,"## PREXION\n### Thank You\nPlease click the button below to download your copy of the Explorer EX CBCT Scanner product brochure.\n[DOWNLOAD NOW]\n\n#### Check out more from PreXion:\nLinks to recent events:\n- The Art and Science of Dentistry 2026 – Anaheim – CA\n- AAE Annual Meteting 2026 – Salt Lake City – UT\n- Chicago Mindwinter\n\n#### PreXion Survey and eBook Information\nPreXion recently surveyed dentists and dental specialists across the United States to determine current perceptions on cost analysis from investment to return on Cone-Beam Computed Tomography (CBCT) and imaging systems as well as emerging ways to increase profitability on such investments in a shorter time.\n\nGiven economic pressures on practices today such as rising costs of supplies and increased competition, it’s not surprising that the lower-initial-investment options like the intraoral digital imaging sensor and standard intraoral scanner ranked at higher importance to your peers than the standard 3D CBCT system. Indeed, in today’s market there are more low-cost entry points to advanced imaging for the modern practice.\n\nIf you are considering upgrading your practice’s CBCT and imaging systems, you will want to be equipped with all the latest insights into how best to earn a return on your investments. In this eBook, we will cover data from your peers in dentistry and specialty practice on these topics:\n- Common Myths about CBCT Imaging in Dentistry and Specialty Practices\n- The 2D Advantage: Your Peers’ Insights on Using 2D Panoramic Imaging\n- The 3D Advantage: Your Peers’ Insights on Using 3D CBCT Imaging\n- The Intraoral Sensor Advantage: Your Peers’ Insights on Using an Intraoral Digital Imaging Sensor\n- Increasing Profitability More Quickly with Emerging Cone-Beam Computed Tomography (CBCT) and Imaging Systems\n- Conclusion: How Could CBCT Imaging Companies Be More Helpful to the Dental Profession Overall?","- [DOWNLOAD NOW](https://www.prexion.com/wp-content/uploads/2024/02/PRE-Explorer-EX-ProductBrochure-SinglePages-NoCeph.pdf)\n- Contact Us: [855-PREXION](tel:855PREXION)\n- Client Support: [(650) 212-0314](tel:6502120314)\n- Endereço: 2077 Gateway Place, Suite 120, San Jose, CA 95110",- https://www.prexion.com/author/3vdab/\n- https://www.prexion.com/the-art-and-science-of-dentistry-2026-anaheim-ca/\n- https://www.prexion.com/aae-annual-meteting-2026-salt-lake-city-ut/\n- https://www.prexion.com/chicago-mindwinter-dental/\n- https://www.prexion.com/prexion-3d-evolve/\n- https://www.prexion.com/prexion-excelsior-endo/\n- https://www.prexion.com/roi-calculator/\n- https://www.prexion.com/remote-support/\n- https://www.prexion.com/product-specialists/\n- https://www.prexion.com/privacy-policy/\n- https://www.prexion.com/accessibility-statement/\n- https://www.prexion.com/,- https://www.linkedin.com/company/prexion-cbct/\n- https://www.facebook.com/PreXionUSA/\n- https://www.instagram.com/prexionusa/\n- https://www.youtube.com/prexioncbct,- https://www.prexion.com/wp-content/uploads/2024/02/PRE-Explorer-EX-ProductBrochure-SinglePages-NoCeph.pdf,Nenhum,consolidate,/resources/brochures/explorer-ex,"Página de confirmação/sucesso (\""Thank You\"") que entrega o download da brochura do Explorer EX CBCT Scanner. O conteúdo inferior sobre uma pesquisa/eBook parece não ter relação direta com o download principal, indicando uma possível junção de blocos padrão ou erro na montagem da página. Recomenda-se consolidar o download em uma página central de recursos ou exibi-lo dinamicamente após o formulário. O rodapé está duplicado.",
https://www.prexion.com/success-how-your-peers-earn-roi-from-3d-cbct-scan-imaging-technology/,https://www.prexion.com/success-how-your-peers-earn-roi-from-3d-cbct-scan-imaging-technology/,200,Success – How Your Peers Earn ROI from 3D CBCT Scan Imaging Technology,thank-you,medium,"## Thank You\nPlease click the button below to download your copy of “The Complete Data-Driven Guide to How Your Peers Earn ROI from 3D CBCT Scan Imaging Technology.”\n\n## Check out more from PreXion:\nApresenta links para eventos recentes da PreXion: The Art and Science of Dentistry 2026 (Anaheim, CA), AAE Annual Meeting 2026 (Salt Lake City, UT) e Chicago Midwinter.\n\n## Rodapé (Duplicado)\nInformações de contato (telefone, suporte e endereço) e links para explorar produtos (Evolve 3D Scanner, Excelsior ENDO Scanner), ROI Calculator, suporte remoto e políticas legais.","- DOWNLOAD NOW (Link para PDF)\n- Contact Us: 855-PREXION\n- Client Support: (650) 212-0314\n- Endereço: 2077 Gateway Place, Suite 120, San Jose, CA 95110",- https://www.prexion.com/the-art-and-science-of-dentistry-2026-anaheim-ca/\n- https://www.prexion.com/aae-annual-meteting-2026-salt-lake-city-ut/\n- https://www.prexion.com/chicago-mindwinter-dental/\n- https://www.prexion.com/prexion-3d-evolve/\n- https://www.prexion.com/prexion-excelsior-endo/\n- https://www.prexion.com/roi-calculator/\n- https://www.prexion.com/remote-support/\n- https://www.prexion.com/product-specialists/\n- https://www.prexion.com/privacy-policy/\n- https://www.prexion.com/accessibility-statement/,- https://www.linkedin.com/company/prexion-cbct/\n- https://www.facebook.com/PreXionUSA/\n- https://www.instagram.com/prexionusa/\n- https://www.youtube.com/prexioncbct,- https://www.prexion.com/wp-content/uploads/2024/10/PreXion-eBook-HowYourPeersEarnROIfrom3DCBCTScanImagingTechnology.pdf,Nenhum,consolidate,/resources/roi-cbct-guide-download,"Página de agradecimento (thank-you page) que entrega um e-book em PDF após o preenchimento de formulário. Há duplicação no rodapé, exibindo os contatos e links duas vezes. O conteúdo principal é o download do PDF. Recomenda-se consolidar essa página como um recurso direto ou manter uma rota limpa para o download.",
https://www.prexion.com/success-mitigating-practice-liability-exposure-with-precision-treatment-planning-and-diagnoses/,https://www.prexion.com/success-mitigating-practice-liability-exposure-with-precision-treatment-planning-and-diagnoses/,200,Success – Mitigating Practice Liability Exposure with Precision Treatment Planning and Diagnoses,thank-you,medium,"### PREXION\n#### Thank You\nPágina de agradecimento pelo interesse.\n\n#### Please click the button below to download your copy of “Mitigating Practice Liability Exposure with Precision Treatment Planning and Diagnoses.”\nInstrução para clicar no botão \""DOWNLOAD NOW\"" para baixar o arquivo PDF do whitepaper sobre planejamento de tratamento de precisão e diagnósticos.\n\n#### Check out more from PreXion:\nSeção de artigos e notícias recentes:\n- The Art and Science of Dentistry 2026 – Anaheim – CA (May 21, 2026)\n- AAE Annual Meteting 2026 – Salt Lake City – UT (April 23, 2026)\n- Chicago Mindwinter (March 17, 2026)","- Telefone Contato: 855-PREXION\n- Telefone Suporte: (650) 212-0314\n- Endereço: 2077 Gateway Place, Suite 120, San Jose, CA 95110\n- DOWNLOAD NOW (Link para baixar o PDF)",- https://www.prexion.com/why-prexion/\n- https://www.prexion.com/applications-by-specialty/\n- https://www.prexion.com/careers-at-prexion/\n- https://www.prexion.com/imaging-products/\n- https://www.prexion.com/evolve-2d-pan/\n- https://www.prexion.com/prexion-3d-evolve/\n- https://www.prexion.com/prexion-excelsior-mid/\n- https://www.prexion.com/prexion-excelsior-max-lfov/\n- https://www.prexion.com/prexion-excelsior-endo/\n- https://www.prexion.com/prexion-3d-intraoral-sensor/\n- https://www.prexion.com/evolve-scan-intraoral-scanner/\n- https://www.prexion.com/evolve-x-ray-hand-held-dental-x-rays/\n- https://www.prexion.com/roi-calculator/\n- https://www.prexion.com/education-and-support/\n- https://www.prexion.com/next_events/\n- https://www.prexion.com/remote-support/\n- https://www.prexion.com/training-videos/\n- https://www.prexion.com/news-2/\n- https://www.prexion.com/sales-info/\n- https://www.prexion.com/product-specialists/\n- https://www.prexion.com/distributor-locations/\n- https://www.prexion.com/contact/\n- https://www.prexion.com/request-a-demo/\n- https://www.prexion.com/the-art-and-science-of-dentistry-2026-anaheim-ca/\n- https://www.prexion.com/aae-annual-meteting-2026-salt-lake-city-ut/\n- https://www.prexion.com/chicago-mindwinter-dental/\n- https://www.prexion.com/privacy-policy/\n- https://www.prexion.com/accessibility-statement/,- https://www.linkedin.com/company/prexion-cbct/\n- https://www.facebook.com/PreXionUSA/\n- https://www.instagram.com/prexionusa/\n- https://www.youtube.com/prexioncbct,- https://www.prexion.com/wp-content/uploads/2023/09/PRE-MitigatingPracticeLiabilityExposureWithPrecisionTreatmentPlanningandDiagnoses.pdf,- Logo PreXion: https://www.prexion.com/,preserve-resource,/resources/whitepapers/mitigating-practice-liability,"Trata-se de uma página de agradecimento (thank-you page) que disponibiliza o download de um PDF sobre mitigação de riscos na prática odontológica. O ideal seria preservar o recurso (o PDF) e consolidar a experiência de download no novo site, possivelmente redirecionando esta URL para uma nova landing page ou biblioteca de recursos. O conteúdo de texto em si é mínimo.",
https://www.prexion.com/success-overcoming-the-rising-costs-and-economic-challenges-in-dentistry/,https://www.prexion.com/success-overcoming-the-rising-costs-and-economic-challenges-in-dentistry/,200,Success - Overcoming the Rising Costs and Economic Challenges in Dentistry - PreXion,thank-you,medium,"# Success – Overcoming the Rising Costs and Economic Challenges in Dentistry\n\n## Thank You\n\n### Please click the button below to download your copy of “Overcoming Rising Costs and Economic Challenges in Dentistry.”\n\nPágina de agradecimento oferecendo o download do PDF \""Overcoming Rising Costs and Economic Challenges in Dentistry\"".\n\n#### Check out more from PreXion:\n\nLista de links para eventos recentes/futuros da PreXion:\n- The Art and Science of Dentistry 2026 – Anaheim – CA\n- AAE Annual Meteting 2026 – Salt Lake City – UT\n- Chicago Mindwinter",- DOWNLOAD NOW\n- Contact Us: 855-PREXION (tel:855PREXION)\n- Client Support: (650) 212-0314 (tel:6502120314),- https://www.prexion.com/the-art-and-science-of-dentistry-2026-anaheim-ca/\n- https://www.prexion.com/aae-annual-meteting-2026-salt-lake-city-ut/\n- https://www.prexion.com/chicago-mindwinter-dental/\n- https://www.prexion.com/prexion-3d-evolve/\n- https://www.prexion.com/prexion-excelsior-endo/\n- https://www.prexion.com/roi-calculator/\n- https://www.prexion.com/remote-support/\n- https://www.prexion.com/product-specialists/\n- https://www.prexion.com/privacy-policy/\n- https://www.prexion.com/accessibility-statement/,- https://www.linkedin.com/company/prexion-cbct/\n- https://www.facebook.com/PreXionUSA/\n- https://www.instagram.com/prexionusa/\n- https://www.youtube.com/prexioncbct,- https://www.prexion.com/wp-content/uploads/2023/09/PRE-OvercomingRisingCostsandEconomicChallengesinDentistry.pdf,Nenhum,preserve-resource,/resources/overcoming-rising-costs-and-economic-challenges-in-dentistry-pdf,"Página de confirmação (thank you page) para download de um PDF sobre desafios econômicos na odontologia. O conteúdo principal é o link para o PDF, que deve ser preservado. O restante da página exibe links para eventos e informações padrão do rodapé, que estão duplicadas no código. O arquivo PDF em si deve ser migrado e disponibilizado em uma nova rota de recursos.",
https://www.prexion.com/thank-you-for-your-interest-in-prexion-3d-cbct/,https://www.prexion.com/thank-you-for-your-interest-in-prexion-3d-cbct/,200,Thank You For Your Interest in PreXion 3D CBCT,thank-you,medium,"### Thank You For Your Interest in PreXion3D CBCT!\nMensagem de agradecimento pelo interesse no PreXion3D CBCT, destacando a precisão clínica e o potencial de ROI da tecnologia de imagem 3D.\n\n### Here’s how PreXion3D can help you\nBenefícios listados: ganho de clareza e confiança em diagnósticos, aumento das taxas de aceitação de planos de tratamento e crescimento de receita por meio de imagens avançadas.\n\n### Get started today with three easy steps\nPassos para engajamento:\n1. Download de um eBook sobre CBCT e ROI.\n2. Download da brochura de especificações do PreXion Explorer EX CBCT.\n3. Conexão com a PreXion para obter clareza sobre ROI, oferecer conhecimento aos pacientes e solicitar uma demonstração presencial do PreXion3D Explorer EX CBCT.\n\n### What is the Industry Saying?\nDepoimentos de clientes (Dr. Richard Newhart, Dr. Robert Walinchus, Dr. Jeffrey C. Miller) elogiando as especificações, baixa radiação, precisão de diagnóstico e treinamento oferecido pela PreXion.","- [GET ACCESS NOW](https://www.prexion.com/downloadable-assets/)\n- [DOWNLOAD NOW](https://www.prexion.com/wp-content/uploads/2024/02/PRE-Explorer-EX-ProductBrochure-SinglePages-NoCeph.pdf)\n- Connect with PreXion today (implied form/action)\n- Telefones: 855-PREXION, (650) 212-0314\n- Endereço: 2077 Gateway Place, Suite 120, San Jose, CA 95110",- https://www.prexion.com/downloadable-assets/\n- https://www.prexion.com/prexion-3d-evolve/\n- https://www.prexion.com/prexion-excelsior-endo/\n- https://www.prexion.com/roi-calculator/\n- https://www.prexion.com/remote-support/\n- https://www.prexion.com/product-specialists/\n- https://www.prexion.com/privacy-policy/\n- https://www.prexion.com/accessibility-statement/,- https://www.linkedin.com/company/prexion-cbct/\n- https://www.facebook.com/PreXionUSA/\n- https://www.instagram.com/prexionusa/\n- https://www.youtube.com/prexioncbct,- https://www.prexion.com/wp-content/uploads/2024/02/PRE-Explorer-EX-ProductBrochure-SinglePages-NoCeph.pdf,Nenhum,consolidate,/thank-you,Página de agradecimento (thank you page) padrão para conversões relacionadas a campanhas ou formulários do PreXion 3D CBCT. O conteúdo repete algumas frases no início e possui duplicação do rodapé. Pode ser consolidada em uma página de agradecimento genérica com parâmetros dinâmicos ou mantida como rota específica de campanha.,
https://www.prexion.com/thank-you/,https://www.prexion.com/thank-you/,200,Thank You,thank-you,low,"# PREXION\n\n## Thank You\n\n### A member of our team will be in touch shortly.\n\nA page acknowledging a form submission, stating that a team member will be in touch shortly. It also provides a phone number (855-PREXION) for more immediate information about products and services.","- Telefone de Contato: 855-PREXION\n- Telefone de Suporte: (650) 212-0314\n- Endereço: 2077 Gateway Place, Suite 120, San Jose, CA 95110",- https://www.prexion.com/author/3vdab/\n- https://www.prexion.com/prexion-3d-evolve/\n- https://www.prexion.com/prexion-excelsior-endo/\n- https://www.prexion.com/roi-calculator/\n- https://www.prexion.com/remote-support/\n- https://www.prexion.com/product-specialists/\n- https://www.prexion.com/privacy-policy/\n- https://www.prexion.com/accessibility-statement/\n- https://www.prexion.com/,- https://www.linkedin.com/company/prexion-cbct/\n- https://www.facebook.com/PreXionUSA/\n- https://www.instagram.com/prexionusa/\n- https://www.youtube.com/prexioncbct,Nenhum,Nenhum,exclude-technical,exclude,Página de confirmação genérica (thank you page) exibida após o envio de formulários. Não contém conteúdo substancial próprio e deve ser tratada como artefato técnico ou substituída por mensagens de sucesso integradas aos formulários no novo site. O rodapé aparece duplicado na extração.,
https://www.prexion.com/the-art-and-science-of-dentistry-2026-anaheim-ca/,https://www.prexion.com/the-art-and-science-of-dentistry-2026-anaheim-ca/,200,The Art and Science of Dentistry 2026 – Anaheim – CA,event,medium,"# The Art and Science of Dentistry 2026 – Anaheim – CA\nThis page details PreXion's participation in the California Dental Association - The Art and Science of Dentistry event in Anaheim, CA, held on May 21, 2026. \n\n### PreXion was present at one of the world’s largest dental events!\nThe event brought together dental professionals focusing on innovation, continuing education, and networking. PreXion showcased solutions transforming dental radiology, specifically mentioning:\n- Excelsior MAX\n- Evolve Sensor\n- Evolve X-Ray\n- Evolve Scan\n\nThe event featured over 450 exhibitors and 180 continuing education courses, providing an opportunity to present PreXion's technology to the international market.\n\n### We continue expanding our international presence, advancing healthcare worldwide, and strengthening connections that drive the future of dentistry!\nA concluding statement emphasizing PreXion's growth and impact on global healthcare and dentistry.\n\n## Stay on the Cutting Edge of Dentistry.\n### Subscribe today.\nA call to action for subscribing to updates.","- Formulário: Subscribe today\n- Telefone (Contact Us): 855-PREXION\n- Telefone (Client Support): (650) 212-0314\n- Endereço: 2077 Gateway Place, Suite 120, San Jose, CA 95110",- https://www.prexion.com/\n- https://www.prexion.com/prexion-3d-evolve/\n- https://www.prexion.com/prexion-excelsior-endo/\n- https://www.prexion.com/roi-calculator/\n- https://www.prexion.com/remote-support/\n- https://www.prexion.com/product-specialists/\n- https://www.prexion.com/privacy-policy/\n- https://www.prexion.com/accessibility-statement/,- https://www.facebook.com/sharer.php?u=https%3A%2F%2Fwww.prexion.com%2Fthe-art-and-science-of-dentistry-2026-anaheim-ca%2F&t=The%20Art%20and%20Science%20of%20Dentistry%202026%20%26%238211%3B%20Anaheim%20%26%238211%3B%20CA\n- https://www.linkedin.com/shareArticle?mini=true&url=https%3A%2F%2Fwww.prexion.com%2Fthe-art-and-science-of-dentistry-2026-anaheim-ca%2F&title=The%20Art%20and%20Science%20of%20Dentistry%202026%20%26%238211%3B%20Anaheim%20%26%238211%3B%20CA&summary=PreXion%20was%20present%20at%20one%20of%20the%20world%E2%80%99s%20largest%20dental%20events%21%26nbsp%3BWe%20participated%20in%20the%20California%20Dental%20Association%20%E2%80%93%20The%20Art%20and%20Science%20of%20Dentistry%20event%2C%20held%20in%20Anaheim%2C%20California%20%28USA%29%2C%20bringing%20together%20professionals%20from%20across%20the%20dental%20community%20in%20a%20complete%20experience%20focused%20on%20innovation%2C%20continuing%20education%2C%20and%20networking.During%20the%20event%2C%20we%20showcased%20Prexion%20solutions\n- mailto:?subject=The%20Art%20and%20Science%20of%20Dentistry%202026%20%26%238211%3B%20Anaheim%20%26%238211%3B%20CA&body=https%3A%2F%2Fwww.prexion.com%2Fthe-art-and-science-of-dentistry-2026-anaheim-ca%2F\n- https://www.linkedin.com/company/prexion-cbct/\n- https://www.facebook.com/PreXionUSA/\n- https://www.instagram.com/prexionusa/\n- https://www.youtube.com/prexioncbct,Nenhum,Nenhum,consolidate,/events/,"Página de evento noticiando a participação da PreXion no California Dental Association em maio de 2026. É um artigo/notícia que cita vários produtos (Excelsior MAX, Evolve Sensor, Evolve X-Ray, Evolve Scan). Há duplicação de informações no rodapé. Como o evento já ocorreu ou é específico de uma data, pode ser consolidado em uma página de notícias/eventos passados no novo site.",
https://www.prexion.com/training-videos/,https://www.prexion.com/training-videos/,200,Training Videos,education,high,"# PREXION TRAINING VIDEOS\n## Make the most out of your PreXion product software.\nPreXion’s technology is designed to empower users with powerful and precise imaging. Part of this goal is providing the proper training and education to those who use and operate our CBCT scanners. To that end, we have created an extensive series of training videos to ensure that users are fully equipped to make the most of their purchase.\n\nA página lista diversos vídeos de treinamento, incluindo webinars com especialistas (Dr. Tony Tomaro, Dr. Lou Graham) e tutoriais práticos sobre como capturar imagens (15x13 FOV, Full Arch, Panorex), configurar templates 3D, usar funções do software (Alt Key, Annotate, CPR, Crop, Fusion Stitch, Implant Editor, Measurement, Multi-data Loading, etc.).\n\n### Need support with your PreXion products?\nOferece um link para suporte remoto.\n\n### Find More Opportunities for Education\nOferece um link para a página de educação e suporte.\n\n## Stay on the Cutting Edge of Dentistry.\n### Subscribe today.\nChamada para inscrição (provavelmente newsletter).","- GET REMOTE SUPPORT: https://www.prexion.com/remote-support/\n- LEARN MORE: https://www.prexion.com/education-and-support/\n- Subscribe today.\n- 855-PREXION (tel:855PREXION)\n- Client Support: (650) 212-0314 (tel:6502120314)\n- 2077 Gateway Place, Suite 120, San Jose, CA 95110",- https://www.prexion.com/remote-support/\n- https://www.prexion.com/education-and-support/\n- https://www.prexion.com/prexion-3d-evolve/\n- https://www.prexion.com/prexion-excelsior-endo/\n- https://www.prexion.com/roi-calculator/\n- https://www.prexion.com/product-specialists/\n- https://www.prexion.com/privacy-policy/\n- https://www.prexion.com/accessibility-statement/\n- https://www.prexion.com/,- https://www.linkedin.com/company/prexion-cbct/\n- https://www.facebook.com/PreXionUSA/\n- https://www.instagram.com/prexionusa/\n- https://www.youtube.com/prexioncbct,Nenhum,Nenhum,preserve-resource,/training-videos/,A página contém uma lista de vídeos de treinamento sobre o uso dos scanners CBCT da PreXion. Há duplicação no rodapé (links e contatos repetidos). O conteúdo é útil e deve ser preservado como recurso educacional para os usuários dos produtos.,
https://www.prexion.com/upcoming_events/,https://www.prexion.com/upcoming_events/,200,Upcoming Events,event,medium,"# EVENTS\n## Connect with PreXion at one of these upcoming events.\n\n## Recent Events\n- April 16-17 – American Assoc. of Endontists (AAE) – Salt Lake City, UT\n- May 14-16 – CDA Anaheim – Anaheim, CA\n- Jun 25-26 – Goetze Dental Annual Sales Meeting – Kansas City, MO\n- July 15-17- Atlanta Dental Annual Sales Meeting – Atlanta, GA\n- Aug 5-7 – Nashville Dental Annual Sales Meeting – Nashville, TN\n\n## Next Events\n- Oct. 14-16 – Midwest Dental National Sales Meeting – Lake Conroe, TX\n- Nov 29-1 – Greater NY Dental Meeting – New York, NY\n\n## Stay on the Cutting Edge of Dentistry.\nSubscribe today.","- Contact Us: [855-PREXION](tel:855PREXION)\n- Client Support: [(650) 212-0314](tel:6502120314)\n- Address: 2077 Gateway Place, Suite 120, San Jose, CA 95110\n- Subscribe today.",- https://www.prexion.com/author/3vdab/\n- https://www.prexion.com/prexion-3d-evolve/\n- https://www.prexion.com/prexion-excelsior-endo/\n- https://www.prexion.com/roi-calculator/\n- https://www.prexion.com/remote-support/\n- https://www.prexion.com/product-specialists/\n- https://www.prexion.com/privacy-policy/\n- https://www.prexion.com/accessibility-statement/\n- https://www.prexion.com/,- https://www.linkedin.com/company/prexion-cbct/\n- https://www.facebook.com/PreXionUSA/\n- https://www.instagram.com/prexionusa/\n- https://www.youtube.com/prexioncbct,Nenhum,- PreXion Logo: https://www.prexion.com/,consolidate,/events/,Página lista eventos recentes e futuros da PreXion. Pode ser útil consolidar as informações de eventos em uma rota centralizada de novidades/eventos no novo site. O footer aparece duplicado no markdown extraído.,
https://www.prexion.com/why-prexion/,https://www.prexion.com/why-prexion/,200,Why Prexion?,institutional,high,"# WHY PREXION?\n\n## Imaging Technology Moving You Forward\n\nPreXion tem fornecido clareza e precisão para profissionais de odontologia desde 2007. A empresa, originada da TeraRecon, Inc., tem como foco elevar a tecnologia de imagem odontológica, revolucionando a imagem 3D cone beam computed tomography (CBCT).\n\n## What Sets Us Apart?\n\n### Top-Quality 3D Imaging\n\nA PreXion oferece imagens claras e precisas na indústria a um preço incrível, permitindo um planejamento de tratamento mais preciso e melhores resultados clínicos. O PreXion3D Excelsior CBCT Scanner possui rotação de 360 graus, 512-1.024 visualizações projetadas, modo panorâmico 2D dedicado e detalhes claros com ponto focal de 0,3 mm e voxel de 0,08-0,2 mm. A versão com anexo de raio-x cefalométrico inclui um campo de visão grande opcional (15cm x 13cm) e modo rápido para redução de radiação.\n\n### Unmatched Commitment to Education\n\nA empresa desenvolveu fortes relações com líderes de opinião que oferecem cursos práticos sobre o uso de imagens 3D na odontologia. Vídeos educacionais e de instrução estão disponíveis online. A PreXion tem parcerias com organizações de educação continuada, como a Catapult Education, e possui um conselho consultivo focado em P&D e melhoria de produtos.\n\n### Excellent Service\n\nA missão da PreXion é responder a perguntas dos clientes e fornecer excelente solução de problemas. O suporte técnico é direto com técnicos treinados e certificados pela PreXion. Visitas ao local para substituição de peças ocorrem dentro de 24 a 48 horas.\n\n## What is the Industry Saying?\n\nDepoimento do Dr. Jeffrey C. Miller destacando a importância da visualização da relação osso/raiz proporcionada pelo PreXion CBCT para o planejamento de tratamentos ortodônticos.\n\n## Experience True Clarity & Precision\n\nChamada para agendar uma demonstração.","- [EXPLORE ALL CBCT PRODUCTS](https://www.prexion.com/imaging-products/)\n- [REQUEST A DEMO](https://www.prexion.com/request-a-demo/)\n- Contact Us: [855-PREXION](tel:855PREXION)\n- Client Support: [(650) 212-0314](tel:6502120314)\n- Endereço: 2077 Gateway Place, Suite 120, San Jose, CA 95110",- https://www.prexion.com/imaging-products/\n- https://www.prexion.com/request-a-demo/\n- https://www.prexion.com/prexion-3d-evolve/\n- https://www.prexion.com/prexion-excelsior-endo/\n- https://www.prexion.com/roi-calculator/\n- https://www.prexion.com/remote-support/\n- https://www.prexion.com/product-specialists/\n- https://www.prexion.com/privacy-policy/\n- https://www.prexion.com/accessibility-statement/\n- https://www.prexion.com/,- https://www.linkedin.com/company/prexion-cbct/\n- https://www.facebook.com/PreXionUSA/\n- https://www.instagram.com/prexionusa/\n- https://www.youtube.com/prexioncbct,Nenhum,Nenhum,preserve-resource,/why-prexion/,"A página contém duplicação clara do bloco \""What Sets Us Apart?\"" (Top-Quality 3D Imaging, Unmatched Commitment to Education, Excellent Service). Além disso, o rodapé aparece duplicado no final da extração. O conteúdo é relevante, mas a duplicação deve ser corrigida na migração. O produto \""PreXion3D Excelsior CBCT Scanner\"" e a versão com anexo cefalométrico são destacados.",
